power,wind,pv,wind_offshore,heat,ev
3.5,0.1,0,0.77,16.98,0.00
3.5,0.12,0,0.77,16.704,0.00
3.5,0.13,0,0.78,17.241,0.00
3.5,0.14,0,0.78,17.02,0.00
3.5,0.15,0,0.78,17.155,0.00
3.5,0.13,0.01,0.78,17.897,0.00
3.5,0.08,0.08,0.78,18.585,1.14
3.5,0.03,0.18,0.79,19.401,3.04
3.5,0.03,0.26,0.79,19.379,0.88
3.5,0.04,0.38,0.79,18.713,0.30
3.5,0.1,0.52,0.79,17.683,0.00
3.5,0.15,0.65,0.79,16.759,0.00
3.5,0.2,0.7,0.79,15.836,0.23
3.5,0.25,0.72,0.79,14.977,1.28
3.5,0.22,0.67,0.79,14.295,0.70
3.5,0.19,0.52,0.79,13.962,3.81
3.5,0.2,0.35,0.79,13.694,3.06
3.5,0.21,0.23,0.79,13.761,1.83
3.5,0.22,0.12,0.79,14.04,0.00
3.5,0.2,0.06,0.78,14.431,0.00
3.5,0.19,0.02,0.78,14.902,0.00
3.5,0.18,0,0.78,15.313,0.00
3.5,0.17,0,0.74,15.473,0.00
3.5,0.16,0,0.46,15.829,0.00
3.5,0.41,0,0.41,15.707,0.00
3.5,0.47,0,0.42,16.169,0.00
3.5,0.53,0,0.49,15.956,0.00
3.5,0.55,0,0.5,16.036,0.00
3.5,0.5,0,0.58,16.36,0.00
3.5,0.43,0,0.75,17.795,0.00
3.5,0.4,0,0.75,19.3,0.36
3.5,0.29,0,0.72,20.358,0.36
3.5,0.2,0,0.55,20.735,5.24
3.5,0.19,0.02,0.61,20.341,4.87
3.5,0.19,0.08,0.63,19.633,0.91
3.5,0.17,0.15,0.62,18.902,0.00
3.5,0.19,0.16,0.65,17.969,0.27
3.5,0.17,0.12,0.73,17.275,1.35
3.5,0.13,0.08,0.73,16.742,2.11
3.5,0.1,0.03,0.74,16.242,2.68
3.5,0.08,0,0.74,15.891,5.44
3.5,0.12,0,0.71,15.766,5.24
3.5,0.14,0,0.75,16.063,0.35
3.5,0.14,0,0.77,16.479,0.00
3.5,0.12,0,0.71,16.849,0.00
3.5,0.1,0,0.75,17.302,0.00
3.5,0.11,0,0.71,17.297,0.00
3.5,0.11,0,0.76,17.395,0.00
