scenario,hour,pv,wind,load
1,1,0.0,0.1315,2.5
1,2,0.0,0.1381,2.5
1,3,0.0,0.1439,2.5
1,4,0.0,0.1447,2.5
1,5,0.0,0.1403,2.5
1,6,0.0,0.1365,2.5
1,7,0.0,0.1326,2.5
1,8,0.001,0.1341,2.5
1,9,0.024,0.1392,2.5
1,10,0.059,0.1378,2.5
1,11,0.089,0.148,2.5
1,12,0.102,0.1711,2.5
1,13,0.088,0.1995,2.5
1,14,0.056,0.2327,2.5
1,15,0.02,0.2804,2.5
1,16,0.0,0.3357,2.5
1,17,0.0,0.3901,2.5
1,18,0.0,0.4471,2.5
1,19,0.0,0.5011,2.5
1,20,0.0,0.5411,2.5
1,21,0.0,0.5782,2.5
1,22,0.0,0.6193,2.5
1,23,0.0,0.6763,2.5
1,24,0.0,0.6982,2.5
1,25,0.0,0.7003,2.5
1,26,0.0,0.7106,2.5
1,27,0.0,0.721,2.5
1,28,0.0,0.7283,2.5
1,29,0.0,0.7494,2.5
1,30,0.0,0.7812,2.5
1,31,0.0,0.8044,2.5
1,32,0.002,0.8243,2.5
1,33,0.016,0.8307,2.5
1,34,0.036,0.838,2.5
1,35,0.054,0.8451,2.5
1,36,0.064,0.8412,2.5
1,37,0.061,0.835,2.5
1,38,0.04,0.8267,2.5
1,39,0.011,0.8168,2.5
1,40,0.0,0.8088,2.5
1,41,0.0,0.7992,2.5
1,42,0.0,0.7903,2.5
1,43,0.0,0.7804,2.5
1,44,0.0,0.7682,2.5
1,45,0.0,0.7572,2.5
1,46,0.0,0.7547,2.5
1,47,0.0,0.7507,2.5
1,48,0.0,0.7433,2.5
1,49,0.0,0.7357,2.5
1,50,0.0,0.7236,2.5
1,51,0.0,0.7097,2.5
1,52,0.0,0.6961,2.5
1,53,0.0,0.6855,2.5
1,54,0.0,0.6701,2.5
1,55,0.0,0.6539,2.5
1,56,0.001,0.6385,2.5
1,57,0.035,0.6184,2.5
1,58,0.081,0.6119,2.5
1,59,0.121,0.6307,2.5
1,60,0.133,0.6398,2.5
1,61,0.113,0.622,2.5
1,62,0.073,0.5972,2.5
1,63,0.021,0.5678,2.5
1,64,0.0,0.5506,2.5
1,65,0.0,0.5376,2.5
1,66,0.0,0.5162,2.5
1,67,0.0,0.4804,2.5
1,68,0.0,0.4329,2.5
1,69,0.0,0.3854,2.5
1,70,0.0,0.344,2.5
1,71,0.0,0.3093,2.5
1,72,0.0,0.2685,2.5
1,73,0.0,0.233,2.5
1,74,0.0,0.2062,2.5
1,75,0.0,0.1875,2.5
1,76,0.0,0.1709,2.5
1,77,0.0,0.1484,2.5
1,78,0.0,0.1308,2.5
1,79,0.0,0.1137,2.5
1,80,0.004,0.0996,2.5
1,81,0.047,0.075,2.5
1,82,0.103,0.0638,2.5
1,83,0.138,0.0606,2.5
1,84,0.152,0.0558,2.5
1,85,0.134,0.0532,2.5
1,86,0.086,0.0501,2.5
1,87,0.026,0.0549,2.5
1,88,0.0,0.0688,2.5
1,89,0.0,0.0716,2.5
1,90,0.0,0.0692,2.5
1,91,0.0,0.0666,2.5
1,92,0.0,0.064,2.5
1,93,0.0,0.0654,2.5
1,94,0.0,0.075,2.5
1,95,0.0,0.09,2.5
1,96,0.0,0.1081,2.5
1,97,0.0,0.124,2.5
1,98,0.0,0.1393,2.5
1,99,0.0,0.1619,2.5
1,100,0.0,0.1888,2.5
1,101,0.0,0.2079,2.5
1,102,0.0,0.2164,2.5
1,103,0.0,0.2282,2.5
1,104,0.004,0.2348,2.5
1,105,0.026,0.2476,2.5
1,106,0.051,0.2743,2.5
1,107,0.067,0.2997,2.5
1,108,0.062,0.3275,2.5
1,109,0.043,0.3711,2.5
1,110,0.023,0.4014,2.5
1,111,0.006,0.413,2.5
1,112,0.0,0.4345,2.5
1,113,0.0,0.4612,2.5
1,114,0.0,0.4665,2.5
1,115,0.0,0.4587,2.5
1,116,0.0,0.4467,2.5
1,117,0.0,0.4374,2.5
1,118,0.0,0.4254,2.5
1,119,0.0,0.4037,2.5
1,120,0.0,0.3736,2.5
1,121,0.0,0.3448,2.5
1,122,0.0,0.3288,2.5
1,123,0.0,0.332,2.5
1,124,0.0,0.3309,2.5
1,125,0.0,0.333,2.5
1,126,0.0,0.3434,2.5
1,127,0.0,0.35,2.5
1,128,0.001,0.3797,2.5
1,129,0.019,0.416,2.5
1,130,0.043,0.4466,2.5
1,131,0.061,0.4658,2.5
1,132,0.071,0.5228,2.5
1,133,0.059,0.559,2.5
1,134,0.035,0.5807,2.5
1,135,0.011,0.5837,2.5
1,136,0.0,0.5936,2.5
1,137,0.0,0.5907,2.5
1,138,0.0,0.5961,2.5
1,139,0.0,0.5899,2.5
1,140,0.0,0.5783,2.5
1,141,0.0,0.5564,2.5
1,142,0.0,0.5511,2.5
1,143,0.0,0.5409,2.5
1,144,0.0,0.5188,2.5
1,145,0.0,0.4997,2.5
1,146,0.0,0.4673,2.5
1,147,0.0,0.448,2.5
1,148,0.0,0.4415,2.5
1,149,0.0,0.4304,2.5
1,150,0.0,0.4318,2.5
1,151,0.0,0.4582,2.5
1,152,0.0,0.4925,2.5
1,153,0.008,0.5308,2.5
1,154,0.022,0.5743,2.5
1,155,0.032,0.635,2.5
1,156,0.034,0.6797,2.5
1,157,0.024,0.708,2.5
1,158,0.014,0.7403,2.5
1,159,0.003,0.7685,2.5
1,160,0.0,0.7895,2.5
1,161,0.0,0.8055,2.5
1,162,0.0,0.8238,2.5
1,163,0.0,0.8415,2.5
1,164,0.0,0.8552,2.5
1,165,0.0,0.858,2.5
1,166,0.0,0.8553,2.5
1,167,0.0,0.848,2.5
1,168,0.0,0.8317,2.5
2,1,0.0,0.2327,2.5
2,2,0.0,0.2433,2.5
2,3,0.0,0.2481,2.5
2,4,0.0,0.2405,2.5
2,5,0.0,0.237,2.5
2,6,0.0,0.2399,2.5
2,7,0.0,0.2527,2.5
2,8,0.021,0.2586,2.5
2,9,0.074,0.2478,2.5
2,10,0.137,0.2683,2.5
2,11,0.176,0.2978,2.5
2,12,0.185,0.3019,2.5
2,13,0.146,0.2995,2.5
2,14,0.083,0.3027,2.5
2,15,0.032,0.3196,2.5
2,16,0.001,0.3328,2.5
2,17,0.0,0.3284,2.5
2,18,0.0,0.3176,2.5
2,19,0.0,0.3004,2.5
2,20,0.0,0.2842,2.5
2,21,0.0,0.2799,2.5
2,22,0.0,0.2837,2.5
2,23,0.0,0.2874,2.5
2,24,0.0,0.284,2.5
2,25,0.0,0.2802,2.5
2,26,0.0,0.2703,2.5
2,27,0.0,0.2596,2.5
2,28,0.0,0.2337,2.5
2,29,0.0,0.2146,2.5
2,30,0.0,0.1983,2.5
2,31,0.0,0.1885,2.5
2,32,0.031,0.1732,2.5
2,33,0.109,0.1556,2.5
2,34,0.208,0.1578,2.5
2,35,0.275,0.1593,2.5
2,36,0.311,0.1626,2.5
2,37,0.282,0.1583,2.5
2,38,0.212,0.1355,2.5
2,39,0.102,0.1235,2.5
2,40,0.013,0.1423,2.5
2,41,0.0,0.1668,2.5
2,42,0.0,0.1877,2.5
2,43,0.0,0.1975,2.5
2,44,0.0,0.1955,2.5
2,45,0.0,0.1868,2.5
2,46,0.0,0.1736,2.5
2,47,0.0,0.1648,2.5
2,48,0.0,0.1587,2.5
2,49,0.0,0.1569,2.5
2,50,0.0,0.1615,2.5
2,51,0.0,0.1679,2.5
2,52,0.0,0.1688,2.5
2,53,0.0,0.1683,2.5
2,54,0.0,0.1729,2.5
2,55,0.0,0.1812,2.5
2,56,0.028,0.1869,2.5
2,57,0.086,0.1848,2.5
2,58,0.142,0.1993,2.5
2,59,0.18,0.2569,2.5
2,60,0.189,0.2958,2.5
2,61,0.167,0.306,2.5
2,62,0.114,0.3076,2.5
2,63,0.05,0.3136,2.5
2,64,0.004,0.3302,2.5
2,65,0.0,0.3331,2.5
2,66,0.0,0.3195,2.5
2,67,0.0,0.3029,2.5
2,68,0.0,0.2747,2.5
2,69,0.0,0.249,2.5
2,70,0.0,0.2308,2.5
2,71,0.0,0.2107,2.5
2,72,0.0,0.189,2.5
2,73,0.0,0.1682,2.5
2,74,0.0,0.1526,2.5
2,75,0.0,0.1387,2.5
2,76,0.0,0.1287,2.5
2,77,0.0,0.1229,2.5
2,78,0.0,0.1194,2.5
2,79,0.0,0.118,2.5
2,80,0.059,0.1106,2.5
2,81,0.161,0.0868,2.5
2,82,0.262,0.0811,2.5
2,83,0.324,0.0931,2.5
2,84,0.346,0.0976,2.5
2,85,0.322,0.0947,2.5
2,86,0.252,0.0845,2.5
2,87,0.14,0.0787,2.5
2,88,0.023,0.0937,2.5
2,89,0.0,0.126,2.5
2,90,0.0,0.1637,2.5
2,91,0.0,0.1896,2.5
2,92,0.0,0.2019,2.5
2,93,0.0,0.2057,2.5
2,94,0.0,0.2074,2.5
2,95,0.0,0.2102,2.5
2,96,0.0,0.217,2.5
2,97,0.0,0.2246,2.5
2,98,0.0,0.2301,2.5
2,99,0.0,0.2291,2.5
2,100,0.0,0.2315,2.5
2,101,0.0,0.2328,2.5
2,102,0.0,0.2471,2.5
2,103,0.0,0.2556,2.5
2,104,0.024,0.2553,2.5
2,105,0.088,0.257,2.5
2,106,0.149,0.2641,2.5
2,107,0.175,0.2484,2.5
2,108,0.184,0.2176,2.5
2,109,0.16,0.1856,2.5
2,110,0.107,0.1646,2.5
2,111,0.045,0.1554,2.5
2,112,0.004,0.1573,2.5
2,113,0.0,0.1509,2.5
2,114,0.0,0.1414,2.5
2,115,0.0,0.1319,2.5
2,116,0.0,0.1181,2.5
2,117,0.0,0.1038,2.5
2,118,0.0,0.0924,2.5
2,119,0.0,0.0836,2.5
2,120,0.0,0.0769,2.5
2,121,0.0,0.0724,2.5
2,122,0.0,0.0675,2.5
2,123,0.0,0.0639,2.5
2,124,0.0,0.0601,2.5
2,125,0.0,0.0566,2.5
2,126,0.0,0.0553,2.5
2,127,0.0,0.0552,2.5
2,128,0.014,0.0528,2.5
2,129,0.056,0.0458,2.5
2,130,0.106,0.04,2.5
2,131,0.149,0.0389,2.5
2,132,0.176,0.0407,2.5
2,133,0.165,0.0442,2.5
2,134,0.127,0.0476,2.5
2,135,0.067,0.0525,2.5
2,136,0.011,0.0645,2.5
2,137,0.0,0.0772,2.5
2,138,0.0,0.0828,2.5
2,139,0.0,0.0864,2.5
2,140,0.0,0.0918,2.5
2,141,0.0,0.0995,2.5
2,142,0.0,0.1107,2.5
2,143,0.0,0.1213,2.5
2,144,0.0,0.1347,2.5
2,145,0.0,0.1493,2.5
2,146,0.0,0.1591,2.5
2,147,0.0,0.1651,2.5
2,148,0.0,0.1623,2.5
2,149,0.0,0.1599,2.5
2,150,0.0,0.1579,2.5
2,151,0.0,0.1573,2.5
2,152,0.013,0.1514,2.5
2,153,0.056,0.1451,2.5
2,154,0.111,0.1583,2.5
2,155,0.156,0.1907,2.5
2,156,0.182,0.2148,2.5
2,157,0.169,0.2157,2.5
2,158,0.119,0.2026,2.5
2,159,0.056,0.1985,2.5
2,160,0.009,0.2042,2.5
2,161,0.0,0.2025,2.5
2,162,0.0,0.1912,2.5
2,163,0.0,0.1863,2.5
2,164,0.0,0.1881,2.5
2,165,0.0,0.1841,2.5
2,166,0.0,0.1756,2.5
2,167,0.0,0.1618,2.5
2,168,0.0,0.1485,2.5
3,1,0.0,0.4902,2.5
3,2,0.0,0.497,2.5
3,3,0.0,0.5111,2.5
3,4,0.0,0.5241,2.5
3,5,0.0,0.5375,2.5
3,6,0.003,0.5484,2.5
3,7,0.057,0.5571,2.5
3,8,0.151,0.6156,2.5
3,9,0.275,0.6764,2.5
3,10,0.391,0.6869,2.5
3,11,0.422,0.6783,2.5
3,12,0.419,0.6733,2.5
3,13,0.395,0.6725,2.5
3,14,0.344,0.6657,2.5
3,15,0.262,0.6397,2.5
3,16,0.152,0.5629,2.5
3,17,0.044,0.488,2.5
3,18,0.0,0.4584,2.5
3,19,0.0,0.4115,2.5
3,20,0.0,0.3525,2.5
3,21,0.0,0.3101,2.5
3,22,0.0,0.2964,2.5
3,23,0.0,0.2792,2.5
3,24,0.0,0.2534,2.5
3,25,0.0,0.2352,2.5
3,26,0.0,0.2262,2.5
3,27,0.0,0.2169,2.5
3,28,0.0,0.2036,2.5
3,29,0.0,0.1905,2.5
3,30,0.006,0.1761,2.5
3,31,0.095,0.1407,2.5
3,32,0.246,0.1249,2.5
3,33,0.419,0.1378,2.5
3,34,0.525,0.1247,2.5
3,35,0.566,0.1109,2.5
3,36,0.566,0.1067,2.5
3,37,0.54,0.1063,2.5
3,38,0.464,0.1012,2.5
3,39,0.35,0.0869,2.5
3,40,0.205,0.0625,2.5
3,41,0.07,0.0481,2.5
3,42,0.001,0.0519,2.5
3,43,0.0,0.0535,2.5
3,44,0.0,0.0543,2.5
3,45,0.0,0.0575,2.5
3,46,0.0,0.066,2.5
3,47,0.0,0.0811,2.5
3,48,0.0,0.1011,2.5
3,49,0.0,0.1274,2.5
3,50,0.0,0.1517,2.5
3,51,0.0,0.1697,2.5
3,52,0.0,0.1784,2.5
3,53,0.0,0.1799,2.5
3,54,0.015,0.1796,2.5
3,55,0.139,0.1472,2.5
3,56,0.292,0.1098,2.5
3,57,0.412,0.1198,2.5
3,58,0.489,0.1475,2.5
3,59,0.524,0.1648,2.5
3,60,0.516,0.1728,2.5
3,61,0.477,0.1778,2.5
3,62,0.402,0.1724,2.5
3,63,0.307,0.151,2.5
3,64,0.182,0.1305,2.5
3,65,0.061,0.1285,2.5
3,66,0.001,0.1356,2.5
3,67,0.0,0.14,2.5
3,68,0.0,0.1389,2.5
3,69,0.0,0.1342,2.5
3,70,0.0,0.1261,2.5
3,71,0.0,0.1193,2.5
3,72,0.0,0.1148,2.5
3,73,0.0,0.1163,2.5
3,74,0.0,0.1213,2.5
3,75,0.0,0.1273,2.5
3,76,0.0,0.1312,2.5
3,77,0.0,0.1369,2.5
3,78,0.014,0.1427,2.5
3,79,0.128,0.1289,2.5
3,80,0.261,0.1194,2.5
3,81,0.384,0.144,2.5
3,82,0.477,0.1622,2.5
3,83,0.536,0.1619,2.5
3,84,0.559,0.1547,2.5
3,85,0.542,0.1456,2.5
3,86,0.483,0.1344,2.5
3,87,0.377,0.1212,2.5
3,88,0.231,0.1058,2.5
3,89,0.082,0.0932,2.5
3,90,0.001,0.0894,2.5
3,91,0.0,0.085,2.5
3,92,0.0,0.0779,2.5
3,93,0.0,0.0691,2.5
3,94,0.0,0.058,2.5
3,95,0.0,0.048,2.5
3,96,0.0,0.0395,2.5
3,97,0.0,0.0336,2.5
3,98,0.0,0.0292,2.5
3,99,0.0,0.0278,2.5
3,100,0.0,0.0254,2.5
3,101,0.0,0.0239,2.5
3,102,0.011,0.0255,2.5
3,103,0.106,0.0251,2.5
3,104,0.232,0.0222,2.5
3,105,0.359,0.0281,2.5
3,106,0.476,0.0401,2.5
3,107,0.547,0.043,2.5
3,108,0.569,0.0425,2.5
3,109,0.545,0.0411,2.5
3,110,0.481,0.0393,2.5
3,111,0.373,0.0392,2.5
3,112,0.233,0.0392,2.5
3,113,0.086,0.0542,2.5
3,114,0.001,0.1016,2.5
3,115,0.0,0.1441,2.5
3,116,0.0,0.158,2.5
3,117,0.0,0.1513,2.5
3,118,0.0,0.1441,2.5
3,119,0.0,0.1398,2.5
3,120,0.0,0.1372,2.5
3,121,0.0,0.1324,2.5
3,122,0.0,0.1266,2.5
3,123,0.0,0.1209,2.5
3,124,0.0,0.1182,2.5
3,125,0.0,0.1152,2.5
3,126,0.017,0.1063,2.5
3,127,0.114,0.0689,2.5
3,128,0.236,0.0519,2.5
3,129,0.366,0.0639,2.5
3,130,0.472,0.0789,2.5
3,131,0.539,0.0929,2.5
3,132,0.559,0.1121,2.5
3,133,0.516,0.1355,2.5
3,134,0.443,0.158,2.5
3,135,0.331,0.1728,2.5
3,136,0.192,0.17,2.5
3,137,0.064,0.1487,2.5
3,138,0.001,0.1526,2.5
3,139,0.0,0.1526,2.5
3,140,0.0,0.1397,2.5
3,141,0.0,0.123,2.5
3,142,0.0,0.1063,2.5
3,143,0.0,0.0902,2.5
3,144,0.0,0.0747,2.5
3,145,0.0,0.0602,2.5
3,146,0.0,0.0469,2.5
3,147,0.0,0.035,2.5
3,148,0.0,0.0259,2.5
3,149,0.0,0.0188,2.5
3,150,0.008,0.0136,2.5
3,151,0.065,0.0082,2.5
3,152,0.165,0.0075,2.5
3,153,0.287,0.0087,2.5
3,154,0.392,0.0128,2.5
3,155,0.467,0.0211,2.5
3,156,0.504,0.0343,2.5
3,157,0.49,0.0528,2.5
3,158,0.43,0.0765,2.5
3,159,0.329,0.1031,2.5
3,160,0.203,0.126,2.5
3,161,0.077,0.1416,2.5
3,162,0.002,0.165,2.5
3,163,0.0,0.1938,2.5
3,164,0.0,0.2225,2.5
3,165,0.0,0.2515,2.5
3,166,0.0,0.2822,2.5
3,167,0.0,0.2966,2.5
3,168,0.0,0.3142,2.5
4,1,0.0,0.0306,2.5
4,2,0.0,0.0364,2.5
4,3,0.0,0.0415,2.5
4,4,0.01,0.0443,2.5
4,5,0.074,0.0391,2.5
4,6,0.177,0.0305,2.5
4,7,0.304,0.0302,2.5
4,8,0.431,0.0294,2.5
4,9,0.541,0.0278,2.5
4,10,0.619,0.0233,2.5
4,11,0.658,0.0168,2.5
4,12,0.663,0.011,2.5
4,13,0.629,0.0074,2.5
4,14,0.564,0.0063,2.5
4,15,0.47,0.007,2.5
4,16,0.35,0.009,2.5
4,17,0.224,0.0124,2.5
4,18,0.119,0.0189,2.5
4,19,0.042,0.0342,2.5
4,20,0.001,0.0701,2.5
4,21,0.0,0.1098,2.5
4,22,0.0,0.1376,2.5
4,23,0.0,0.1547,2.5
4,24,0.0,0.1635,2.5
4,25,0.0,0.1643,2.5
4,26,0.0,0.157,2.5
4,27,0.0,0.1458,2.5
4,28,0.01,0.1208,2.5
4,29,0.068,0.0684,2.5
4,30,0.167,0.0317,2.5
4,31,0.293,0.0387,2.5
4,32,0.419,0.0424,2.5
4,33,0.526,0.0449,2.5
4,34,0.599,0.0476,2.5
4,35,0.634,0.0503,2.5
4,36,0.639,0.0495,2.5
4,37,0.607,0.0448,2.5
4,38,0.538,0.038,2.5
4,39,0.429,0.032,2.5
4,40,0.304,0.0275,2.5
4,41,0.184,0.0264,2.5
4,42,0.089,0.03,2.5
4,43,0.026,0.0437,2.5
4,44,0.0,0.07,2.5
4,45,0.0,0.092,2.5
4,46,0.0,0.1024,2.5
4,47,0.0,0.1061,2.5
4,48,0.0,0.1072,2.5
4,49,0.0,0.1059,2.5
4,50,0.0,0.1022,2.5
4,51,0.0,0.0981,2.5
4,52,0.006,0.0906,2.5
4,53,0.052,0.0706,2.5
4,54,0.138,0.0425,2.5
4,55,0.251,0.0325,2.5
4,56,0.368,0.0428,2.5
4,57,0.466,0.0547,2.5
4,58,0.532,0.0642,2.5
4,59,0.559,0.0674,2.5
4,60,0.545,0.0662,2.5
4,61,0.508,0.0617,2.5
4,62,0.449,0.0551,2.5
4,63,0.367,0.0509,2.5
4,64,0.269,0.0495,2.5
4,65,0.174,0.0475,2.5
4,66,0.091,0.0445,2.5
4,67,0.028,0.0469,2.5
4,68,0.0,0.0567,2.5
4,69,0.0,0.0675,2.5
4,70,0.0,0.0741,2.5
4,71,0.0,0.0737,2.5
4,72,0.0,0.0707,2.5
4,73,0.0,0.0707,2.5
4,74,0.0,0.0751,2.5
4,75,0.0,0.0795,2.5
4,76,0.007,0.0779,2.5
4,77,0.049,0.0594,2.5
4,78,0.118,0.0645,2.5
4,79,0.202,0.0811,2.5
4,80,0.291,0.0937,2.5
4,81,0.383,0.1027,2.5
4,82,0.462,0.1032,2.5
4,83,0.491,0.0998,2.5
4,84,0.469,0.0983,2.5
4,85,0.41,0.0971,2.5
4,86,0.351,0.0919,2.5
4,87,0.288,0.0807,2.5
4,88,0.214,0.0656,2.5
4,89,0.15,0.0514,2.5
4,90,0.084,0.0377,2.5
4,91,0.028,0.0294,2.5
4,92,0.001,0.0323,2.5
4,93,0.0,0.0377,2.5
4,94,0.0,0.0395,2.5
4,95,0.0,0.0385,2.5
4,96,0.0,0.0362,2.5
4,97,0.0,0.0366,2.5
4,98,0.0,0.0403,2.5
4,99,0.0,0.0448,2.5
4,100,0.006,0.0447,2.5
4,101,0.059,0.0336,2.5
4,102,0.148,0.0325,2.5
4,103,0.259,0.0396,2.5
4,104,0.367,0.0507,2.5
4,105,0.463,0.0606,2.5
4,106,0.531,0.0648,2.5
4,107,0.562,0.0645,2.5
4,108,0.561,0.0633,2.5
4,109,0.527,0.0611,2.5
4,110,0.469,0.0593,2.5
4,111,0.39,0.059,2.5
4,112,0.296,0.0609,2.5
4,113,0.193,0.0624,2.5
4,114,0.107,0.0627,2.5
4,115,0.037,0.0682,2.5
4,116,0.001,0.0913,2.5
4,117,0.0,0.1095,2.5
4,118,0.0,0.1104,2.5
4,119,0.0,0.1026,2.5
4,120,0.0,0.095,2.5
4,121,0.0,0.0896,2.5
4,122,0.0,0.0852,2.5
4,123,0.0,0.0837,2.5
4,124,0.011,0.0786,2.5
4,125,0.068,0.0507,2.5
4,126,0.16,0.0521,2.5
4,127,0.272,0.0633,2.5
4,128,0.382,0.0604,2.5
4,129,0.474,0.0524,2.5
4,130,0.528,0.047,2.5
4,131,0.536,0.046,2.5
4,132,0.504,0.0482,2.5
4,133,0.456,0.0518,2.5
4,134,0.401,0.0558,2.5
4,135,0.321,0.0594,2.5
4,136,0.235,0.0666,2.5
4,137,0.148,0.0777,2.5
4,138,0.078,0.0991,2.5
4,139,0.027,0.1446,2.5
4,140,0.001,0.2072,2.5
4,141,0.0,0.228,2.5
4,142,0.0,0.218,2.5
4,143,0.0,0.2102,2.5
4,144,0.0,0.2017,2.5
4,145,0.0,0.1853,2.5
4,146,0.0,0.1727,2.5
4,147,0.0,0.1625,2.5
4,148,0.01,0.1402,2.5
4,149,0.068,0.0892,2.5
4,150,0.164,0.0713,2.5
4,151,0.282,0.0852,2.5
4,152,0.404,0.1037,2.5
4,153,0.508,0.1147,2.5
4,154,0.584,0.1194,2.5
4,155,0.63,0.1202,2.5
4,156,0.639,0.1199,2.5
4,157,0.609,0.1178,2.5
4,158,0.548,0.1166,2.5
4,159,0.461,0.1177,2.5
4,160,0.349,0.122,2.5
4,161,0.229,0.1284,2.5
4,162,0.125,0.1431,2.5
4,163,0.043,0.1915,2.5
4,164,0.002,0.2715,2.5
4,165,0.0,0.3088,2.5
4,166,0.0,0.2986,2.5
4,167,0.0,0.2774,2.5
4,168,0.0,0.2567,2.5
5,1,0.0,0.0349,2.5
5,2,0.0,0.0348,2.5
5,3,0.0,0.0394,2.5
5,4,0.001,0.0479,2.5
5,5,0.039,0.0539,2.5
5,6,0.118,0.0453,2.5
5,7,0.228,0.0482,2.5
5,8,0.317,0.07,2.5
5,9,0.378,0.093,2.5
5,10,0.42,0.1099,2.5
5,11,0.446,0.1227,2.5
5,12,0.455,0.1323,2.5
5,13,0.426,0.1358,2.5
5,14,0.375,0.135,2.5
5,15,0.313,0.1304,2.5
5,16,0.239,0.1241,2.5
5,17,0.158,0.1137,2.5
5,18,0.082,0.0954,2.5
5,19,0.021,0.0817,2.5
5,20,0.0,0.0753,2.5
5,21,0.0,0.0694,2.5
5,22,0.0,0.0684,2.5
5,23,0.0,0.0698,2.5
5,24,0.0,0.0704,2.5
5,25,0.0,0.0688,2.5
5,26,0.0,0.0642,2.5
5,27,0.0,0.0594,2.5
5,28,0.003,0.0522,2.5
5,29,0.058,0.0337,2.5
5,30,0.159,0.0198,2.5
5,31,0.284,0.0192,2.5
5,32,0.412,0.0216,2.5
5,33,0.522,0.0239,2.5
5,34,0.601,0.0252,2.5
5,35,0.644,0.0253,2.5
5,36,0.652,0.0249,2.5
5,37,0.625,0.0237,2.5
5,38,0.564,0.0218,2.5
5,39,0.47,0.0196,2.5
5,40,0.351,0.018,2.5
5,41,0.223,0.0169,2.5
5,42,0.109,0.0191,2.5
5,43,0.026,0.0384,2.5
5,44,0.0,0.0734,2.5
5,45,0.0,0.1051,2.5
5,46,0.0,0.1239,2.5
5,47,0.0,0.1309,2.5
5,48,0.0,0.1299,2.5
5,49,0.0,0.1259,2.5
5,50,0.0,0.123,2.5
5,51,0.0,0.1216,2.5
5,52,0.003,0.116,2.5
5,53,0.056,0.0922,2.5
5,54,0.157,0.0539,2.5
5,55,0.28,0.038,2.5
5,56,0.404,0.0434,2.5
5,57,0.509,0.0458,2.5
5,58,0.582,0.0438,2.5
5,59,0.624,0.0444,2.5
5,60,0.631,0.0481,2.5
5,61,0.605,0.0516,2.5
5,62,0.544,0.0539,2.5
5,63,0.452,0.057,2.5
5,64,0.336,0.062,2.5
5,65,0.212,0.0653,2.5
5,66,0.102,0.0757,2.5
5,67,0.023,0.1198,2.5
5,68,0.0,0.1757,2.5
5,69,0.0,0.2004,2.5
5,70,0.0,0.2001,2.5
5,71,0.0,0.1832,2.5
5,72,0.0,0.1576,2.5
5,73,0.0,0.132,2.5
5,74,0.0,0.1112,2.5
5,75,0.0,0.0971,2.5
5,76,0.002,0.082,2.5
5,77,0.047,0.0539,2.5
5,78,0.136,0.0283,2.5
5,79,0.252,0.0172,2.5
5,80,0.368,0.0149,2.5
5,81,0.463,0.0157,2.5
5,82,0.526,0.0174,2.5
5,83,0.562,0.021,2.5
5,84,0.567,0.0261,2.5
5,85,0.537,0.0342,2.5
5,86,0.481,0.0463,2.5
5,87,0.397,0.0647,2.5
5,88,0.293,0.0929,2.5
5,89,0.182,0.1328,2.5
5,90,0.083,0.1869,2.5
5,91,0.016,0.261,2.5
5,92,0.0,0.3157,2.5
5,93,0.0,0.3127,2.5
5,94,0.0,0.2873,2.5
5,95,0.0,0.2593,2.5
5,96,0.0,0.2356,2.5
5,97,0.0,0.2179,2.5
5,98,0.0,0.2074,2.5
5,99,0.0,0.2031,2.5
5,100,0.002,0.1912,2.5
5,101,0.047,0.1534,2.5
5,102,0.141,0.1235,2.5
5,103,0.261,0.138,2.5
5,104,0.381,0.1778,2.5
5,105,0.48,0.2048,2.5
5,106,0.549,0.2157,2.5
5,107,0.588,0.2185,2.5
5,108,0.596,0.2219,2.5
5,109,0.572,0.233,2.5
5,110,0.508,0.2513,2.5
5,111,0.41,0.2713,2.5
5,112,0.296,0.2852,2.5
5,113,0.186,0.2929,2.5
5,114,0.087,0.3062,2.5
5,115,0.018,0.3387,2.5
5,116,0.0,0.3728,2.5
5,117,0.0,0.374,2.5
5,118,0.0,0.358,2.5
5,119,0.0,0.329,2.5
5,120,0.0,0.2933,2.5
5,121,0.0,0.261,2.5
5,122,0.0,0.2382,2.5
5,123,0.0,0.2232,2.5
5,124,0.001,0.2123,2.5
5,125,0.04,0.1726,2.5
5,126,0.112,0.1893,2.5
5,127,0.199,0.2302,2.5
5,128,0.293,0.2701,2.5
5,129,0.375,0.314,2.5
5,130,0.43,0.3415,2.5
5,131,0.465,0.3486,2.5
5,132,0.474,0.3447,2.5
5,133,0.437,0.3378,2.5
5,134,0.373,0.3342,2.5
5,135,0.301,0.332,2.5
5,136,0.213,0.3297,2.5
5,137,0.127,0.3214,2.5
5,138,0.06,0.3029,2.5
5,139,0.012,0.3099,2.5
5,140,0.0,0.329,2.5
5,141,0.0,0.3129,2.5
5,142,0.0,0.2821,2.5
5,143,0.0,0.2579,2.5
5,144,0.0,0.2371,2.5
5,145,0.0,0.2168,2.5
5,146,0.0,0.2011,2.5
5,147,0.0,0.1893,2.5
5,148,0.0,0.1709,2.5
5,149,0.029,0.133,2.5
5,150,0.093,0.117,2.5
5,151,0.172,0.1217,2.5
5,152,0.253,0.1216,2.5
5,153,0.323,0.1192,2.5
5,154,0.377,0.113,2.5
5,155,0.397,0.1037,2.5
5,156,0.386,0.0955,2.5
5,157,0.351,0.0891,2.5
5,158,0.295,0.0841,2.5
5,159,0.227,0.0799,2.5
5,160,0.158,0.0758,2.5
5,161,0.096,0.0699,2.5
5,162,0.043,0.0664,2.5
5,163,0.007,0.0728,2.5
5,164,0.0,0.0837,2.5
5,165,0.0,0.0898,2.5
5,166,0.0,0.0903,2.5
5,167,0.0,0.0851,2.5
5,168,0.0,0.0777,2.5
6,1,0.0,0.5912,2.5
6,2,0.0,0.6224,2.5
6,3,0.0,0.6566,2.5
6,4,0.0,0.6991,2.5
6,5,0.0,0.7482,2.5
6,6,0.001,0.7785,2.5
6,7,0.043,0.7853,2.5
6,8,0.134,0.7956,2.5
6,9,0.3,0.8127,2.5
6,10,0.424,0.8254,2.5
6,11,0.501,0.8082,2.5
6,12,0.526,0.783,2.5
6,13,0.503,0.7569,2.5
6,14,0.443,0.719,2.5
6,15,0.333,0.6666,2.5
6,16,0.179,0.5638,2.5
6,17,0.046,0.4412,2.5
6,18,0.0,0.3682,2.5
6,19,0.0,0.2985,2.5
6,20,0.0,0.2522,2.5
6,21,0.0,0.2245,2.5
6,22,0.0,0.2063,2.5
6,23,0.0,0.1909,2.5
6,24,0.0,0.1794,2.5
6,25,0.0,0.1697,2.5
6,26,0.0,0.1673,2.5
6,27,0.0,0.1727,2.5
6,28,0.0,0.1774,2.5
6,29,0.0,0.1885,2.5
6,30,0.001,0.2145,2.5
6,31,0.043,0.2365,2.5
6,32,0.126,0.2494,2.5
6,33,0.205,0.2921,2.5
6,34,0.254,0.3421,2.5
6,35,0.269,0.3812,2.5
6,36,0.281,0.3984,2.5
6,37,0.272,0.3847,2.5
6,38,0.239,0.3541,2.5
6,39,0.165,0.3047,2.5
6,40,0.077,0.2591,2.5
6,41,0.014,0.2558,2.5
6,42,0.0,0.2449,2.5
6,43,0.0,0.2115,2.5
6,44,0.0,0.1885,2.5
6,45,0.0,0.1706,2.5
6,46,0.0,0.1606,2.5
6,47,0.0,0.1553,2.5
6,48,0.0,0.1489,2.5
6,49,0.0,0.1433,2.5
6,50,0.0,0.1442,2.5
6,51,0.0,0.1577,2.5
6,52,0.0,0.1751,2.5
6,53,0.0,0.1816,2.5
6,54,0.0,0.1829,2.5
6,55,0.029,0.1803,2.5
6,56,0.108,0.1782,2.5
6,57,0.219,0.2033,2.5
6,58,0.31,0.2382,2.5
6,59,0.354,0.2589,2.5
6,60,0.363,0.2812,2.5
6,61,0.345,0.3014,2.5
6,62,0.296,0.3174,2.5
6,63,0.217,0.319,2.5
6,64,0.117,0.2994,2.5
6,65,0.026,0.2802,2.5
6,66,0.0,0.2953,2.5
6,67,0.0,0.3065,2.5
6,68,0.0,0.3131,2.5
6,69,0.0,0.3302,2.5
6,70,0.0,0.3455,2.5
6,71,0.0,0.3361,2.5
6,72,0.0,0.3189,2.5
6,73,0.0,0.294,2.5
6,74,0.0,0.2761,2.5
6,75,0.0,0.2629,2.5
6,76,0.0,0.2381,2.5
6,77,0.0,0.2132,2.5
6,78,0.0,0.1904,2.5
6,79,0.039,0.1643,2.5
6,80,0.125,0.1557,2.5
6,81,0.252,0.1704,2.5
6,82,0.375,0.1648,2.5
6,83,0.448,0.1523,2.5
6,84,0.48,0.1374,2.5
6,85,0.443,0.1175,2.5
6,86,0.365,0.0948,2.5
6,87,0.258,0.0716,2.5
6,88,0.126,0.0454,2.5
6,89,0.025,0.031,2.5
6,90,0.0,0.0296,2.5
6,91,0.0,0.0257,2.5
6,92,0.0,0.0223,2.5
6,93,0.0,0.0235,2.5
6,94,0.0,0.0297,2.5
6,95,0.0,0.0379,2.5
6,96,0.0,0.0463,2.5
6,97,0.0,0.0534,2.5
6,98,0.0,0.057,2.5
6,99,0.0,0.0588,2.5
6,100,0.0,0.0612,2.5
6,101,0.0,0.0671,2.5
6,102,0.0,0.0783,2.5
6,103,0.021,0.085,2.5
6,104,0.064,0.0834,2.5
6,105,0.109,0.0932,2.5
6,106,0.145,0.1212,2.5
6,107,0.161,0.1424,2.5
6,108,0.156,0.1532,2.5
6,109,0.135,0.155,2.5
6,110,0.108,0.1462,2.5
6,111,0.073,0.1318,2.5
6,112,0.035,0.1314,2.5
6,113,0.006,0.1569,2.5
6,114,0.0,0.1925,2.5
6,115,0.0,0.212,2.5
6,116,0.0,0.2215,2.5
6,117,0.0,0.2187,2.5
6,118,0.0,0.2162,2.5
6,119,0.0,0.2141,2.5
6,120,0.0,0.2196,2.5
6,121,0.0,0.2287,2.5
6,122,0.0,0.239,2.5
6,123,0.0,0.2455,2.5
6,124,0.0,0.2463,2.5
6,125,0.0,0.2416,2.5
6,126,0.0,0.2302,2.5
6,127,0.029,0.2139,2.5
6,128,0.108,0.215,2.5
6,129,0.231,0.2279,2.5
6,130,0.333,0.2181,2.5
6,131,0.384,0.1909,2.5
6,132,0.409,0.165,2.5
6,133,0.404,0.1456,2.5
6,134,0.349,0.131,2.5
6,135,0.256,0.1179,2.5
6,136,0.136,0.1002,2.5
6,137,0.029,0.1031,2.5
6,138,0.0,0.1344,2.5
6,139,0.0,0.1472,2.5
6,140,0.0,0.1443,2.5
6,141,0.0,0.1369,2.5
6,142,0.0,0.1298,2.5
6,143,0.0,0.1217,2.5
6,144,0.0,0.1121,2.5
6,145,0.0,0.1021,2.5
6,146,0.0,0.0943,2.5
6,147,0.0,0.0885,2.5
6,148,0.0,0.0841,2.5
6,149,0.0,0.084,2.5
6,150,0.0,0.0882,2.5
6,151,0.032,0.0988,2.5
6,152,0.113,0.113,2.5
6,153,0.208,0.1473,2.5
6,154,0.261,0.1856,2.5
6,155,0.276,0.2146,2.5
6,156,0.254,0.228,2.5
6,157,0.22,0.2306,2.5
6,158,0.176,0.23,2.5
6,159,0.115,0.2231,2.5
6,160,0.054,0.2166,2.5
6,161,0.007,0.2337,2.5
6,162,0.0,0.2607,2.5
6,163,0.0,0.261,2.5
6,164,0.0,0.2518,2.5
6,165,0.0,0.2319,2.5
6,166,0.0,0.204,2.5
6,167,0.0,0.1743,2.5
6,168,0.0,0.1488,2.5
7,1,0.0,0.1445,2.5
7,2,0.0,0.1471,2.5
7,3,0.0,0.1507,2.5
7,4,0.0,0.1579,2.5
7,5,0.0,0.1684,2.5
7,6,0.0,0.1737,2.5
7,7,0.001,0.1716,2.5
7,8,0.039,0.1566,2.5
7,9,0.123,0.1362,2.5
7,10,0.213,0.1478,2.5
7,11,0.279,0.1489,2.5
7,12,0.287,0.129,2.5
7,13,0.259,0.1112,2.5
7,14,0.199,0.0972,2.5
7,15,0.106,0.078,2.5
7,16,0.027,0.0801,2.5
7,17,0.0,0.0904,2.5
7,18,0.0,0.0983,2.5
7,19,0.0,0.1064,2.5
7,20,0.0,0.1137,2.5
7,21,0.0,0.118,2.5
7,22,0.0,0.1201,2.5
7,23,0.0,0.121,2.5
7,24,0.0,0.1227,2.5
7,25,0.0,0.123,2.5
7,26,0.0,0.1219,2.5
7,27,0.0,0.1102,2.5
7,28,0.0,0.1021,2.5
7,29,0.0,0.097,2.5
7,30,0.0,0.0991,2.5
7,31,0.0,0.1052,2.5
7,32,0.014,0.1096,2.5
7,33,0.051,0.1125,2.5
7,34,0.109,0.1194,2.5
7,35,0.179,0.1233,2.5
7,36,0.225,0.1228,2.5
7,37,0.21,0.1162,2.5
7,38,0.161,0.1063,2.5
7,39,0.083,0.0947,2.5
7,40,0.014,0.1035,2.5
7,41,0.0,0.1201,2.5
7,42,0.0,0.1282,2.5
7,43,0.0,0.1299,2.5
7,44,0.0,0.1242,2.5
7,45,0.0,0.1151,2.5
7,46,0.0,0.1083,2.5
7,47,0.0,0.1039,2.5
7,48,0.0,0.1014,2.5
7,49,0.0,0.0993,2.5
7,50,0.0,0.0964,2.5
7,51,0.0,0.0928,2.5
7,52,0.0,0.0882,2.5
7,53,0.0,0.0819,2.5
7,54,0.0,0.0789,2.5
7,55,0.0,0.0732,2.5
7,56,0.019,0.0602,2.5
7,57,0.066,0.0447,2.5
7,58,0.12,0.0492,2.5
7,59,0.179,0.0619,2.5
7,60,0.207,0.0673,2.5
7,61,0.184,0.0639,2.5
7,62,0.134,0.0513,2.5
7,63,0.061,0.0349,2.5
7,64,0.01,0.0325,2.5
7,65,0.0,0.0359,2.5
7,66,0.0,0.0369,2.5
7,67,0.0,0.036,2.5
7,68,0.0,0.0343,2.5
7,69,0.0,0.0333,2.5
7,70,0.0,0.0322,2.5
7,71,0.0,0.0305,2.5
7,72,0.0,0.0286,2.5
7,73,0.0,0.0277,2.5
7,74,0.0,0.0292,2.5
7,75,0.0,0.0318,2.5
7,76,0.0,0.0362,2.5
7,77,0.0,0.0454,2.5
7,78,0.0,0.0573,2.5
7,79,0.001,0.0708,2.5
7,80,0.04,0.0784,2.5
7,81,0.121,0.0773,2.5
7,82,0.215,0.099,2.5
7,83,0.305,0.1365,2.5
7,84,0.324,0.1662,2.5
7,85,0.277,0.1829,2.5
7,86,0.184,0.1903,2.5
7,87,0.081,0.196,2.5
7,88,0.013,0.2357,2.5
7,89,0.0,0.2894,2.5
7,90,0.0,0.3125,2.5
7,91,0.0,0.3093,2.5
7,92,0.0,0.2895,2.5
7,93,0.0,0.2695,2.5
7,94,0.0,0.2431,2.5
7,95,0.0,0.2178,2.5
7,96,0.0,0.1955,2.5
7,97,0.0,0.1793,2.5
7,98,0.0,0.1607,2.5
7,99,0.0,0.1396,2.5
7,100,0.0,0.1254,2.5
7,101,0.0,0.115,2.5
7,102,0.0,0.1049,2.5
7,103,0.0,0.0964,2.5
7,104,0.026,0.0853,2.5
7,105,0.084,0.0656,2.5
7,106,0.136,0.0516,2.5
7,107,0.162,0.0437,2.5
7,108,0.159,0.0369,2.5
7,109,0.135,0.031,2.5
7,110,0.094,0.0278,2.5
7,111,0.044,0.0351,2.5
7,112,0.006,0.0481,2.5
7,113,0.0,0.0532,2.5
7,114,0.0,0.0491,2.5
7,115,0.0,0.0446,2.5
7,116,0.0,0.0422,2.5
7,117,0.0,0.0418,2.5
7,118,0.0,0.041,2.5
7,119,0.0,0.038,2.5
7,120,0.0,0.0364,2.5
7,121,0.0,0.0402,2.5
7,122,0.0,0.0433,2.5
7,123,0.0,0.0446,2.5
7,124,0.0,0.045,2.5
7,125,0.0,0.0504,2.5
7,126,0.0,0.0578,2.5
7,127,0.0,0.0653,2.5
7,128,0.013,0.0714,2.5
7,129,0.056,0.0711,2.5
7,130,0.116,0.0763,2.5
7,131,0.184,0.0893,2.5
7,132,0.226,0.0992,2.5
7,133,0.227,0.0999,2.5
7,134,0.179,0.0964,2.5
7,135,0.093,0.0904,2.5
7,136,0.017,0.1007,2.5
7,137,0.0,0.121,2.5
7,138,0.0,0.1314,2.5
7,139,0.0,0.1365,2.5
7,140,0.0,0.1339,2.5
7,141,0.0,0.1241,2.5
7,142,0.0,0.112,2.5
7,143,0.0,0.0999,2.5
7,144,0.0,0.0869,2.5
7,145,0.0,0.0736,2.5
7,146,0.0,0.0611,2.5
7,147,0.0,0.0489,2.5
7,148,0.0,0.039,2.5
7,149,0.0,0.0321,2.5
7,150,0.0,0.0292,2.5
7,151,0.0,0.0283,2.5
7,152,0.035,0.0246,2.5
7,153,0.121,0.0207,2.5
7,154,0.241,0.021,2.5
7,155,0.338,0.023,2.5
7,156,0.4,0.0254,2.5
7,157,0.387,0.027,2.5
7,158,0.316,0.0273,2.5
7,159,0.191,0.0293,2.5
7,160,0.044,0.0375,2.5
7,161,0.0,0.0497,2.5
7,162,0.0,0.0621,2.5
7,163,0.0,0.0757,2.5
7,164,0.0,0.092,2.5
7,165,0.0,0.1161,2.5
7,166,0.0,0.1411,2.5
7,167,0.0,0.1473,2.5
7,168,0.0,0.1432,2.5
8,1,0.0,0.6069,2.5
8,2,0.0,0.6058,2.5
8,3,0.0,0.604,2.5
8,4,0.0,0.5942,2.5
8,5,0.0,0.5757,2.5
8,6,0.0,0.5518,2.5
8,7,0.0,0.5405,2.5
8,8,0.006,0.5197,2.5
8,9,0.05,0.4663,2.5
8,10,0.104,0.4145,2.5
8,11,0.141,0.3975,2.5
8,12,0.149,0.4025,2.5
8,13,0.126,0.3823,2.5
8,14,0.074,0.3651,2.5
8,15,0.018,0.3703,2.5
8,16,0.0,0.398,2.5
8,17,0.0,0.4183,2.5
8,18,0.0,0.4369,2.5
8,19,0.0,0.4526,2.5
8,20,0.0,0.4583,2.5
8,21,0.0,0.4614,2.5
8,22,0.0,0.467,2.5
8,23,0.0,0.46,2.5
8,24,0.0,0.4427,2.5
8,25,0.0,0.4067,2.5
8,26,0.0,0.3737,2.5
8,27,0.0,0.3493,2.5
8,28,0.0,0.3186,2.5
8,29,0.0,0.288,2.5
8,30,0.0,0.2337,2.5
8,31,0.0,0.1792,2.5
8,32,0.002,0.1487,2.5
8,33,0.049,0.1348,2.5
8,34,0.122,0.132,2.5
8,35,0.225,0.1463,2.5
8,36,0.257,0.1689,2.5
8,37,0.225,0.1902,2.5
8,38,0.146,0.2109,2.5
8,39,0.049,0.2564,2.5
8,40,0.0,0.3123,2.5
8,41,0.0,0.361,2.5
8,42,0.0,0.4036,2.5
8,43,0.0,0.4383,2.5
8,44,0.0,0.4646,2.5
8,45,0.0,0.4898,2.5
8,46,0.0,0.5138,2.5
8,47,0.0,0.5313,2.5
8,48,0.0,0.5472,2.5
8,49,0.0,0.5608,2.5
8,50,0.0,0.5614,2.5
8,51,0.0,0.5459,2.5
8,52,0.0,0.5091,2.5
8,53,0.0,0.4552,2.5
8,54,0.0,0.3955,2.5
8,55,0.0,0.3388,2.5
8,56,0.006,0.2928,2.5
8,57,0.035,0.2454,2.5
8,58,0.066,0.2075,2.5
8,59,0.087,0.1819,2.5
8,60,0.091,0.1606,2.5
8,61,0.074,0.1379,2.5
8,62,0.042,0.1286,2.5
8,63,0.01,0.1315,2.5
8,64,0.0,0.1404,2.5
8,65,0.0,0.1427,2.5
8,66,0.0,0.1373,2.5
8,67,0.0,0.1315,2.5
8,68,0.0,0.1259,2.5
8,69,0.0,0.1214,2.5
8,70,0.0,0.1144,2.5
8,71,0.0,0.1096,2.5
8,72,0.0,0.1084,2.5
8,73,0.0,0.1089,2.5
8,74,0.0,0.1121,2.5
8,75,0.0,0.1175,2.5
8,76,0.0,0.1263,2.5
8,77,0.0,0.134,2.5
8,78,0.0,0.1442,2.5
8,79,0.0,0.1523,2.5
8,80,0.001,0.1581,2.5
8,81,0.017,0.1533,2.5
8,82,0.047,0.1461,2.5
8,83,0.081,0.1535,2.5
8,84,0.108,0.1645,2.5
8,85,0.113,0.1651,2.5
8,86,0.085,0.1664,2.5
8,87,0.031,0.1985,2.5
8,88,0.0,0.2459,2.5
8,89,0.0,0.2746,2.5
8,90,0.0,0.2967,2.5
8,91,0.0,0.3196,2.5
8,92,0.0,0.3449,2.5
8,93,0.0,0.3591,2.5
8,94,0.0,0.3714,2.5
8,95,0.0,0.3772,2.5
8,96,0.0,0.3888,2.5
8,97,0.0,0.4047,2.5
8,98,0.0,0.422,2.5
8,99,0.0,0.4349,2.5
8,100,0.0,0.4383,2.5
8,101,0.0,0.4416,2.5
8,102,0.0,0.4384,2.5
8,103,0.0,0.4192,2.5
8,104,0.003,0.3888,2.5
8,105,0.044,0.3483,2.5
8,106,0.098,0.3082,2.5
8,107,0.148,0.2837,2.5
8,108,0.15,0.2687,2.5
8,109,0.123,0.2515,2.5
8,110,0.075,0.2345,2.5
8,111,0.018,0.2436,2.5
8,112,0.0,0.249,2.5
8,113,0.0,0.2319,2.5
8,114,0.0,0.2154,2.5
8,115,0.0,0.2058,2.5
8,116,0.0,0.2002,2.5
8,117,0.0,0.2027,2.5
8,118,0.0,0.2116,2.5
8,119,0.0,0.2187,2.5
8,120,0.0,0.2402,2.5
8,121,0.0,0.2697,2.5
8,122,0.0,0.299,2.5
8,123,0.0,0.3143,2.5
8,124,0.0,0.3333,2.5
8,125,0.0,0.3659,2.5
8,126,0.0,0.3875,2.5
8,127,0.0,0.4063,2.5
8,128,0.002,0.4293,2.5
8,129,0.029,0.4462,2.5
8,130,0.057,0.4589,2.5
8,131,0.08,0.5279,2.5
8,132,0.099,0.598,2.5
8,133,0.101,0.6453,2.5
8,134,0.082,0.6828,2.5
8,135,0.035,0.7141,2.5
8,136,0.0,0.7344,2.5
8,137,0.0,0.7495,2.5
8,138,0.0,0.7449,2.5
8,139,0.0,0.7348,2.5
8,140,0.0,0.7067,2.5
8,141,0.0,0.6749,2.5
8,142,0.0,0.6403,2.5
8,143,0.0,0.5933,2.5
8,144,0.0,0.5353,2.5
8,145,0.0,0.467,2.5
8,146,0.0,0.3822,2.5
8,147,0.0,0.3499,2.5
8,148,0.0,0.3816,2.5
8,149,0.0,0.431,2.5
8,150,0.0,0.4969,2.5
8,151,0.0,0.5895,2.5
8,152,0.003,0.6718,2.5
8,153,0.05,0.7315,2.5
8,154,0.14,0.7675,2.5
8,155,0.214,0.7715,2.5
8,156,0.24,0.7632,2.5
8,157,0.207,0.7415,2.5
8,158,0.13,0.6993,2.5
8,159,0.036,0.6705,2.5
8,160,0.0,0.6579,2.5
8,161,0.0,0.6306,2.5
8,162,0.0,0.6018,2.5
8,163,0.0,0.5723,2.5
8,164,0.0,0.5356,2.5
8,165,0.0,0.4836,2.5
8,166,0.0,0.4392,2.5
8,167,0.0,0.3968,2.5
8,168,0.0,0.3608,2.5
