time,local_time,electricity
2019-01-01 00:00,2019-01-01 01:00,0.556
2019-01-01 01:00,2019-01-01 02:00,0.637
2019-01-01 02:00,2019-01-01 03:00,0.696
2019-01-01 03:00,2019-01-01 04:00,0.735
2019-01-01 04:00,2019-01-01 05:00,0.773
2019-01-01 05:00,2019-01-01 06:00,0.800
2019-01-01 06:00,2019-01-01 07:00,0.829
2019-01-01 07:00,2019-01-01 08:00,0.847
2019-01-01 08:00,2019-01-01 09:00,0.839
2019-01-01 09:00,2019-01-01 10:00,0.821
2019-01-01 10:00,2019-01-01 11:00,0.832
2019-01-01 11:00,2019-01-01 12:00,0.854
2019-01-01 12:00,2019-01-01 13:00,0.872
2019-01-01 13:00,2019-01-01 14:00,0.872
2019-01-01 14:00,2019-01-01 15:00,0.873
2019-01-01 15:00,2019-01-01 16:00,0.886
2019-01-01 16:00,2019-01-01 17:00,0.896
2019-01-01 17:00,2019-01-01 18:00,0.906
2019-01-01 18:00,2019-01-01 19:00,0.910
2019-01-01 19:00,2019-01-01 20:00,0.910
2019-01-01 20:00,2019-01-01 21:00,0.903
2019-01-01 21:00,2019-01-01 22:00,0.896
2019-01-01 22:00,2019-01-01 23:00,0.887
2019-01-01 23:00,2019-01-02 00:00,0.885
2019-01-02 00:00,2019-01-02 01:00,0.875
2019-01-02 01:00,2019-01-02 02:00,0.855
2019-01-02 02:00,2019-01-02 03:00,0.827
2019-01-02 03:00,2019-01-02 04:00,0.819
2019-01-02 04:00,2019-01-02 05:00,0.823
2019-01-02 05:00,2019-01-02 06:00,0.810
2019-01-02 06:00,2019-01-02 07:00,0.779
2019-01-02 07:00,2019-01-02 08:00,0.741
2019-01-02 08:00,2019-01-02 09:00,0.728
2019-01-02 09:00,2019-01-02 10:00,0.720
2019-01-02 10:00,2019-01-02 11:00,0.753
2019-01-02 11:00,2019-01-02 12:00,0.770
2019-01-02 12:00,2019-01-02 13:00,0.760
2019-01-02 13:00,2019-01-02 14:00,0.734
2019-01-02 14:00,2019-01-02 15:00,0.681
2019-01-02 15:00,2019-01-02 16:00,0.646
2019-01-02 16:00,2019-01-02 17:00,0.619
2019-01-02 17:00,2019-01-02 18:00,0.560
2019-01-02 18:00,2019-01-02 19:00,0.489
2019-01-02 19:00,2019-01-02 20:00,0.430
2019-01-02 20:00,2019-01-02 21:00,0.404
2019-01-02 21:00,2019-01-02 22:00,0.386
2019-01-02 22:00,2019-01-02 23:00,0.362
2019-01-02 23:00,2019-01-03 00:00,0.358
2019-01-03 00:00,2019-01-03 01:00,0.359
2019-01-03 01:00,2019-01-03 02:00,0.346
2019-01-03 02:00,2019-01-03 03:00,0.330
2019-01-03 03:00,2019-01-03 04:00,0.313
2019-01-03 04:00,2019-01-03 05:00,0.323
2019-01-03 05:00,2019-01-03 06:00,0.323
2019-01-03 06:00,2019-01-03 07:00,0.374
2019-01-03 07:00,2019-01-03 08:00,0.387
2019-01-03 08:00,2019-01-03 09:00,0.454
2019-01-03 09:00,2019-01-03 10:00,0.379
2019-01-03 10:00,2019-01-03 11:00,0.368
2019-01-03 11:00,2019-01-03 12:00,0.343
2019-01-03 12:00,2019-01-03 13:00,0.276
2019-01-03 13:00,2019-01-03 14:00,0.249
2019-01-03 14:00,2019-01-03 15:00,0.269
2019-01-03 15:00,2019-01-03 16:00,0.300
2019-01-03 16:00,2019-01-03 17:00,0.290
2019-01-03 17:00,2019-01-03 18:00,0.265
2019-01-03 18:00,2019-01-03 19:00,0.238
2019-01-03 19:00,2019-01-03 20:00,0.208
2019-01-03 20:00,2019-01-03 21:00,0.199
2019-01-03 21:00,2019-01-03 22:00,0.192
2019-01-03 22:00,2019-01-03 23:00,0.146
2019-01-03 23:00,2019-01-04 00:00,0.114
2019-01-04 00:00,2019-01-04 01:00,0.108
2019-01-04 01:00,2019-01-04 02:00,0.117
2019-01-04 02:00,2019-01-04 03:00,0.140
2019-01-04 03:00,2019-01-04 04:00,0.170
2019-01-04 04:00,2019-01-04 05:00,0.200
2019-01-04 05:00,2019-01-04 06:00,0.227
2019-01-04 06:00,2019-01-04 07:00,0.269
2019-01-04 07:00,2019-01-04 08:00,0.280
2019-01-04 08:00,2019-01-04 09:00,0.305
2019-01-04 09:00,2019-01-04 10:00,0.343
2019-01-04 10:00,2019-01-04 11:00,0.381
2019-01-04 11:00,2019-01-04 12:00,0.406
2019-01-04 12:00,2019-01-04 13:00,0.422
2019-01-04 13:00,2019-01-04 14:00,0.417
2019-01-04 14:00,2019-01-04 15:00,0.460
2019-01-04 15:00,2019-01-04 16:00,0.456
2019-01-04 16:00,2019-01-04 17:00,0.439
2019-01-04 17:00,2019-01-04 18:00,0.387
2019-01-04 18:00,2019-01-04 19:00,0.374
2019-01-04 19:00,2019-01-04 20:00,0.379
2019-01-04 20:00,2019-01-04 21:00,0.389
2019-01-04 21:00,2019-01-04 22:00,0.400
2019-01-04 22:00,2019-01-04 23:00,0.462
2019-01-04 23:00,2019-01-05 00:00,0.447
2019-01-05 00:00,2019-01-05 01:00,0.425
2019-01-05 01:00,2019-01-05 02:00,0.430
2019-01-05 02:00,2019-01-05 03:00,0.442
2019-01-05 03:00,2019-01-05 04:00,0.452
2019-01-05 04:00,2019-01-05 05:00,0.447
2019-01-05 05:00,2019-01-05 06:00,0.412
2019-01-05 06:00,2019-01-05 07:00,0.386
2019-01-05 07:00,2019-01-05 08:00,0.367
2019-01-05 08:00,2019-01-05 09:00,0.334
2019-01-05 09:00,2019-01-05 10:00,0.282
2019-01-05 10:00,2019-01-05 11:00,0.281
2019-01-05 11:00,2019-01-05 12:00,0.273
2019-01-05 12:00,2019-01-05 13:00,0.245
2019-01-05 13:00,2019-01-05 14:00,0.223
2019-01-05 14:00,2019-01-05 15:00,0.261
2019-01-05 15:00,2019-01-05 16:00,0.300
2019-01-05 16:00,2019-01-05 17:00,0.291
2019-01-05 17:00,2019-01-05 18:00,0.273
2019-01-05 18:00,2019-01-05 19:00,0.227
2019-01-05 19:00,2019-01-05 20:00,0.178
2019-01-05 20:00,2019-01-05 21:00,0.144
2019-01-05 21:00,2019-01-05 22:00,0.136
2019-01-05 22:00,2019-01-05 23:00,0.131
2019-01-05 23:00,2019-01-06 00:00,0.136
2019-01-06 00:00,2019-01-06 01:00,0.144
2019-01-06 01:00,2019-01-06 02:00,0.149
2019-01-06 02:00,2019-01-06 03:00,0.148
2019-01-06 03:00,2019-01-06 04:00,0.145
2019-01-06 04:00,2019-01-06 05:00,0.134
2019-01-06 05:00,2019-01-06 06:00,0.130
2019-01-06 06:00,2019-01-06 07:00,0.127
2019-01-06 07:00,2019-01-06 08:00,0.124
2019-01-06 08:00,2019-01-06 09:00,0.101
2019-01-06 09:00,2019-01-06 10:00,0.065
2019-01-06 10:00,2019-01-06 11:00,0.068
2019-01-06 11:00,2019-01-06 12:00,0.065
2019-01-06 12:00,2019-01-06 13:00,0.059
2019-01-06 13:00,2019-01-06 14:00,0.051
2019-01-06 14:00,2019-01-06 15:00,0.050
2019-01-06 15:00,2019-01-06 16:00,0.047
2019-01-06 16:00,2019-01-06 17:00,0.041
2019-01-06 17:00,2019-01-06 18:00,0.031
2019-01-06 18:00,2019-01-06 19:00,0.018
2019-01-06 19:00,2019-01-06 20:00,0.008
2019-01-06 20:00,2019-01-06 21:00,0.004
2019-01-06 21:00,2019-01-06 22:00,0.005
2019-01-06 22:00,2019-01-06 23:00,0.013
2019-01-06 23:00,2019-01-07 00:00,0.021
2019-01-07 00:00,2019-01-07 01:00,0.025
2019-01-07 01:00,2019-01-07 02:00,0.030
2019-01-07 02:00,2019-01-07 03:00,0.039
2019-01-07 03:00,2019-01-07 04:00,0.051
2019-01-07 04:00,2019-01-07 05:00,0.063
2019-01-07 05:00,2019-01-07 06:00,0.070
2019-01-07 06:00,2019-01-07 07:00,0.078
2019-01-07 07:00,2019-01-07 08:00,0.094
2019-01-07 08:00,2019-01-07 09:00,0.115
2019-01-07 09:00,2019-01-07 10:00,0.138
2019-01-07 10:00,2019-01-07 11:00,0.170
2019-01-07 11:00,2019-01-07 12:00,0.214
2019-01-07 12:00,2019-01-07 13:00,0.242
2019-01-07 13:00,2019-01-07 14:00,0.261
2019-01-07 14:00,2019-01-07 15:00,0.282
2019-01-07 15:00,2019-01-07 16:00,0.301
2019-01-07 16:00,2019-01-07 17:00,0.314
2019-01-07 17:00,2019-01-07 18:00,0.335
2019-01-07 18:00,2019-01-07 19:00,0.403
2019-01-07 19:00,2019-01-07 20:00,0.460
2019-01-07 20:00,2019-01-07 21:00,0.472
2019-01-07 21:00,2019-01-07 22:00,0.548
2019-01-07 22:00,2019-01-07 23:00,0.652
2019-01-07 23:00,2019-01-08 00:00,0.703
2019-03-01 00:00,2019-03-01 01:00,0.053
2019-03-01 01:00,2019-03-01 02:00,0.046
2019-03-01 02:00,2019-03-01 03:00,0.043
2019-03-01 03:00,2019-03-01 04:00,0.039
2019-03-01 04:00,2019-03-01 05:00,0.033
2019-03-01 05:00,2019-03-01 06:00,0.032
2019-03-01 06:00,2019-03-01 07:00,0.032
2019-03-01 07:00,2019-03-01 08:00,0.035
2019-03-01 08:00,2019-03-01 09:00,0.039
2019-03-01 09:00,2019-03-01 10:00,0.039
2019-03-01 10:00,2019-03-01 11:00,0.053
2019-03-01 11:00,2019-03-01 12:00,0.090
2019-03-01 12:00,2019-03-01 13:00,0.122
2019-03-01 13:00,2019-03-01 14:00,0.127
2019-03-01 14:00,2019-03-01 15:00,0.120
2019-03-01 15:00,2019-03-01 16:00,0.109
2019-03-01 16:00,2019-03-01 17:00,0.114
2019-03-01 17:00,2019-03-01 18:00,0.112
2019-03-01 18:00,2019-03-01 19:00,0.094
2019-03-01 19:00,2019-03-01 20:00,0.072
2019-03-01 20:00,2019-03-01 21:00,0.048
2019-03-01 21:00,2019-03-01 22:00,0.027
2019-03-01 22:00,2019-03-01 23:00,0.014
2019-03-01 23:00,2019-03-02 00:00,0.009
2019-03-02 00:00,2019-03-02 01:00,0.011
2019-03-02 01:00,2019-03-02 02:00,0.024
2019-03-02 02:00,2019-03-02 03:00,0.042
2019-03-02 03:00,2019-03-02 04:00,0.056
2019-03-02 04:00,2019-03-02 05:00,0.070
2019-03-02 05:00,2019-03-02 06:00,0.086
2019-03-02 06:00,2019-03-02 07:00,0.093
2019-03-02 07:00,2019-03-02 08:00,0.073
2019-03-02 08:00,2019-03-02 09:00,0.102
2019-03-02 09:00,2019-03-02 10:00,0.140
2019-03-02 10:00,2019-03-02 11:00,0.158
2019-03-02 11:00,2019-03-02 12:00,0.163
2019-03-02 12:00,2019-03-02 13:00,0.155
2019-03-02 13:00,2019-03-02 14:00,0.139
2019-03-02 14:00,2019-03-02 15:00,0.130
2019-03-02 15:00,2019-03-02 16:00,0.113
2019-03-02 16:00,2019-03-02 17:00,0.124
2019-03-02 17:00,2019-03-02 18:00,0.170
2019-03-02 18:00,2019-03-02 19:00,0.231
2019-03-02 19:00,2019-03-02 20:00,0.274
2019-03-02 20:00,2019-03-02 21:00,0.300
2019-03-02 21:00,2019-03-02 22:00,0.323
2019-03-02 22:00,2019-03-02 23:00,0.358
2019-03-02 23:00,2019-03-03 00:00,0.385
2019-03-03 00:00,2019-03-03 01:00,0.379
2019-03-03 01:00,2019-03-03 02:00,0.358
2019-03-03 02:00,2019-03-03 03:00,0.425
2019-03-03 03:00,2019-03-03 04:00,0.411
2019-03-03 04:00,2019-03-03 05:00,0.404
2019-03-03 05:00,2019-03-03 06:00,0.446
2019-03-03 06:00,2019-03-03 07:00,0.478
2019-03-03 07:00,2019-03-03 08:00,0.524
2019-03-03 08:00,2019-03-03 09:00,0.590
2019-03-03 09:00,2019-03-03 10:00,0.705
2019-03-03 10:00,2019-03-03 11:00,0.727
2019-03-03 11:00,2019-03-03 12:00,0.654
2019-03-03 12:00,2019-03-03 13:00,0.617
2019-03-03 13:00,2019-03-03 14:00,0.601
2019-03-03 14:00,2019-03-03 15:00,0.584
2019-03-03 15:00,2019-03-03 16:00,0.580
2019-03-03 16:00,2019-03-03 17:00,0.580
2019-03-03 17:00,2019-03-03 18:00,0.599
2019-03-03 18:00,2019-03-03 19:00,0.672
2019-03-03 19:00,2019-03-03 20:00,0.695
2019-03-03 20:00,2019-03-03 21:00,0.679
2019-03-03 21:00,2019-03-03 22:00,0.625
2019-03-03 22:00,2019-03-03 23:00,0.586
2019-03-03 23:00,2019-03-04 00:00,0.550
2019-03-04 00:00,2019-03-04 01:00,0.516
2019-03-04 01:00,2019-03-04 02:00,0.510
2019-03-04 02:00,2019-03-04 03:00,0.571
2019-03-04 03:00,2019-03-04 04:00,0.512
2019-03-04 04:00,2019-03-04 05:00,0.525
2019-03-04 05:00,2019-03-04 06:00,0.556
2019-03-04 06:00,2019-03-04 07:00,0.590
2019-03-04 07:00,2019-03-04 08:00,0.613
2019-03-04 08:00,2019-03-04 09:00,0.621
2019-03-04 09:00,2019-03-04 10:00,0.651
2019-03-04 10:00,2019-03-04 11:00,0.820
2019-03-04 11:00,2019-03-04 12:00,0.928
2019-03-04 12:00,2019-03-04 13:00,0.959
2019-03-04 13:00,2019-03-04 14:00,0.950
2019-03-04 14:00,2019-03-04 15:00,0.938
2019-03-04 15:00,2019-03-04 16:00,0.909
2019-03-04 16:00,2019-03-04 17:00,0.879
2019-03-04 17:00,2019-03-04 18:00,0.845
2019-03-04 18:00,2019-03-04 19:00,0.847
2019-03-04 19:00,2019-03-04 20:00,0.880
2019-03-04 20:00,2019-03-04 21:00,0.903
2019-03-04 21:00,2019-03-04 22:00,0.908
2019-03-04 22:00,2019-03-04 23:00,0.903
2019-03-04 23:00,2019-03-05 00:00,0.900
2019-03-05 00:00,2019-03-05 01:00,0.887
2019-03-05 01:00,2019-03-05 02:00,0.864
2019-03-05 02:00,2019-03-05 03:00,0.831
2019-03-05 03:00,2019-03-05 04:00,0.819
2019-03-05 04:00,2019-03-05 05:00,0.832
2019-03-05 05:00,2019-03-05 06:00,0.834
2019-03-05 06:00,2019-03-05 07:00,0.808
2019-03-05 07:00,2019-03-05 08:00,0.799
2019-03-05 08:00,2019-03-05 09:00,0.842
2019-03-05 09:00,2019-03-05 10:00,0.841
2019-03-05 10:00,2019-03-05 11:00,0.820
2019-03-05 11:00,2019-03-05 12:00,0.796
2019-03-05 12:00,2019-03-05 13:00,0.761
2019-03-05 13:00,2019-03-05 14:00,0.710
2019-03-05 14:00,2019-03-05 15:00,0.627
2019-03-05 15:00,2019-03-05 16:00,0.491
2019-03-05 16:00,2019-03-05 17:00,0.438
2019-03-05 17:00,2019-03-05 18:00,0.387
2019-03-05 18:00,2019-03-05 19:00,0.362
2019-03-05 19:00,2019-03-05 20:00,0.374
2019-03-05 20:00,2019-03-05 21:00,0.346
2019-03-05 21:00,2019-03-05 22:00,0.337
2019-03-05 22:00,2019-03-05 23:00,0.313
2019-03-05 23:00,2019-03-06 00:00,0.274
2019-03-06 00:00,2019-03-06 01:00,0.233
2019-03-06 01:00,2019-03-06 02:00,0.233
2019-03-06 02:00,2019-03-06 03:00,0.231
2019-03-06 03:00,2019-03-06 04:00,0.192
2019-03-06 04:00,2019-03-06 05:00,0.149
2019-03-06 05:00,2019-03-06 06:00,0.137
2019-03-06 06:00,2019-03-06 07:00,0.155
2019-03-06 07:00,2019-03-06 08:00,0.193
2019-03-06 08:00,2019-03-06 09:00,0.243
2019-03-06 09:00,2019-03-06 10:00,0.306
2019-03-06 10:00,2019-03-06 11:00,0.394
2019-03-06 11:00,2019-03-06 12:00,0.468
2019-03-06 12:00,2019-03-06 13:00,0.481
2019-03-06 13:00,2019-03-06 14:00,0.448
2019-03-06 14:00,2019-03-06 15:00,0.454
2019-03-06 15:00,2019-03-06 16:00,0.482
2019-03-06 16:00,2019-03-06 17:00,0.498
2019-03-06 17:00,2019-03-06 18:00,0.503
2019-03-06 18:00,2019-03-06 19:00,0.513
2019-03-06 19:00,2019-03-06 20:00,0.601
2019-03-06 20:00,2019-03-06 21:00,0.658
2019-03-06 21:00,2019-03-06 22:00,0.617
2019-03-06 22:00,2019-03-06 23:00,0.573
2019-03-06 23:00,2019-03-07 00:00,0.523
2019-03-07 00:00,2019-03-07 01:00,0.522
2019-03-07 01:00,2019-03-07 02:00,0.529
2019-03-07 02:00,2019-03-07 03:00,0.526
2019-03-07 03:00,2019-03-07 04:00,0.473
2019-03-07 04:00,2019-03-07 05:00,0.481
2019-03-07 05:00,2019-03-07 06:00,0.570
2019-03-07 06:00,2019-03-07 07:00,0.538
2019-03-07 07:00,2019-03-07 08:00,0.595
2019-03-07 08:00,2019-03-07 09:00,0.602
2019-03-07 09:00,2019-03-07 10:00,0.615
2019-03-07 10:00,2019-03-07 11:00,0.696
2019-03-07 11:00,2019-03-07 12:00,0.828
2019-03-07 12:00,2019-03-07 13:00,0.876
2019-03-07 13:00,2019-03-07 14:00,0.844
2019-03-07 14:00,2019-03-07 15:00,0.777
2019-03-07 15:00,2019-03-07 16:00,0.678
2019-03-07 16:00,2019-03-07 17:00,0.583
2019-03-07 17:00,2019-03-07 18:00,0.549
2019-03-07 18:00,2019-03-07 19:00,0.533
2019-03-07 19:00,2019-03-07 20:00,0.525
2019-03-07 20:00,2019-03-07 21:00,0.569
2019-03-07 21:00,2019-03-07 22:00,0.548
2019-03-07 22:00,2019-03-07 23:00,0.568
2019-03-07 23:00,2019-03-08 00:00,0.594
2019-05-01 00:00,2019-05-01 02:00,0.287
2019-05-01 01:00,2019-05-01 03:00,0.304
2019-05-01 02:00,2019-05-01 04:00,0.328
2019-05-01 03:00,2019-05-01 05:00,0.309
2019-05-01 04:00,2019-05-01 06:00,0.275
2019-05-01 05:00,2019-05-01 07:00,0.280
2019-05-01 06:00,2019-05-01 08:00,0.294
2019-05-01 07:00,2019-05-01 09:00,0.302
2019-05-01 08:00,2019-05-01 10:00,0.315
2019-05-01 09:00,2019-05-01 11:00,0.328
2019-05-01 10:00,2019-05-01 12:00,0.352
2019-05-01 11:00,2019-05-01 13:00,0.387
2019-05-01 12:00,2019-05-01 14:00,0.434
2019-05-01 13:00,2019-05-01 15:00,0.482
2019-05-01 14:00,2019-05-01 16:00,0.519
2019-05-01 15:00,2019-05-01 17:00,0.544
2019-05-01 16:00,2019-05-01 18:00,0.542
2019-05-01 17:00,2019-05-01 19:00,0.466
2019-05-01 18:00,2019-05-01 20:00,0.405
2019-05-01 19:00,2019-05-01 21:00,0.367
2019-05-01 20:00,2019-05-01 22:00,0.313
2019-05-01 21:00,2019-05-01 23:00,0.300
2019-05-01 22:00,2019-05-02 00:00,0.319
2019-05-01 23:00,2019-05-02 01:00,0.325
2019-05-02 00:00,2019-05-02 02:00,0.366
2019-05-02 01:00,2019-05-02 03:00,0.376
2019-05-02 02:00,2019-05-02 04:00,0.410
2019-05-02 03:00,2019-05-02 05:00,0.443
2019-05-02 04:00,2019-05-02 06:00,0.459
2019-05-02 05:00,2019-05-02 07:00,0.494
2019-05-02 06:00,2019-05-02 08:00,0.543
2019-05-02 07:00,2019-05-02 09:00,0.574
2019-05-02 08:00,2019-05-02 10:00,0.594
2019-05-02 09:00,2019-05-02 11:00,0.601
2019-05-02 10:00,2019-05-02 12:00,0.592
2019-05-02 11:00,2019-05-02 13:00,0.601
2019-05-02 12:00,2019-05-02 14:00,0.613
2019-05-02 13:00,2019-05-02 15:00,0.617
2019-05-02 14:00,2019-05-02 16:00,0.629
2019-05-02 15:00,2019-05-02 17:00,0.613
2019-05-02 16:00,2019-05-02 18:00,0.540
2019-05-02 17:00,2019-05-02 19:00,0.469
2019-05-02 18:00,2019-05-02 20:00,0.484
2019-05-02 19:00,2019-05-02 21:00,0.464
2019-05-02 20:00,2019-05-02 22:00,0.410
2019-05-02 21:00,2019-05-02 23:00,0.388
2019-05-02 22:00,2019-05-03 00:00,0.368
2019-05-02 23:00,2019-05-03 01:00,0.337
2019-05-03 00:00,2019-05-03 02:00,0.337
2019-05-03 01:00,2019-05-03 03:00,0.312
2019-05-03 02:00,2019-05-03 04:00,0.279
2019-05-03 03:00,2019-05-03 05:00,0.270
2019-05-03 04:00,2019-05-03 06:00,0.240
2019-05-03 05:00,2019-05-03 07:00,0.270
2019-05-03 06:00,2019-05-03 08:00,0.379
2019-05-03 07:00,2019-05-03 09:00,0.369
2019-05-03 08:00,2019-05-03 10:00,0.380
2019-05-03 09:00,2019-05-03 11:00,0.402
2019-05-03 10:00,2019-05-03 12:00,0.425
2019-05-03 11:00,2019-05-03 13:00,0.433
2019-05-03 12:00,2019-05-03 14:00,0.435
2019-05-03 13:00,2019-05-03 15:00,0.436
2019-05-03 14:00,2019-05-03 16:00,0.435
2019-05-03 15:00,2019-05-03 17:00,0.417
2019-05-03 16:00,2019-05-03 18:00,0.375
2019-05-03 17:00,2019-05-03 19:00,0.300
2019-05-03 18:00,2019-05-03 20:00,0.261
2019-05-03 19:00,2019-05-03 21:00,0.255
2019-05-03 20:00,2019-05-03 22:00,0.264
2019-05-03 21:00,2019-05-03 23:00,0.251
2019-05-03 22:00,2019-05-04 00:00,0.226
2019-05-03 23:00,2019-05-04 01:00,0.209
2019-05-04 00:00,2019-05-04 02:00,0.180
2019-05-04 01:00,2019-05-04 03:00,0.170
2019-05-04 02:00,2019-05-04 04:00,0.171
2019-05-04 03:00,2019-05-04 05:00,0.174
2019-05-04 04:00,2019-05-04 06:00,0.171
2019-05-04 05:00,2019-05-04 07:00,0.182
2019-05-04 06:00,2019-05-04 08:00,0.211
2019-05-04 07:00,2019-05-04 09:00,0.205
2019-05-04 08:00,2019-05-04 10:00,0.179
2019-05-04 09:00,2019-05-04 11:00,0.158
2019-05-04 10:00,2019-05-04 12:00,0.145
2019-05-04 11:00,2019-05-04 13:00,0.134
2019-05-04 12:00,2019-05-04 14:00,0.124
2019-05-04 13:00,2019-05-04 15:00,0.123
2019-05-04 14:00,2019-05-04 16:00,0.123
2019-05-04 15:00,2019-05-04 17:00,0.131
2019-05-04 16:00,2019-05-04 18:00,0.144
2019-05-04 17:00,2019-05-04 19:00,0.151
2019-05-04 18:00,2019-05-04 20:00,0.190
2019-05-04 19:00,2019-05-04 21:00,0.237
2019-05-04 20:00,2019-05-04 22:00,0.250
2019-05-04 21:00,2019-05-04 23:00,0.245
2019-05-04 22:00,2019-05-05 00:00,0.231
2019-05-04 23:00,2019-05-05 01:00,0.218
2019-05-05 00:00,2019-05-05 02:00,0.201
2019-05-05 01:00,2019-05-05 03:00,0.188
2019-05-05 02:00,2019-05-05 04:00,0.175
2019-05-05 03:00,2019-05-05 05:00,0.147
2019-05-05 04:00,2019-05-05 06:00,0.104
2019-05-05 05:00,2019-05-05 07:00,0.051
2019-05-05 06:00,2019-05-05 08:00,0.057
2019-05-05 07:00,2019-05-05 09:00,0.068
2019-05-05 08:00,2019-05-05 10:00,0.083
2019-05-05 09:00,2019-05-05 11:00,0.089
2019-05-05 10:00,2019-05-05 12:00,0.086
2019-05-05 11:00,2019-05-05 13:00,0.077
2019-05-05 12:00,2019-05-05 14:00,0.068
2019-05-05 13:00,2019-05-05 15:00,0.063
2019-05-05 14:00,2019-05-05 16:00,0.063
2019-05-05 15:00,2019-05-05 17:00,0.062
2019-05-05 16:00,2019-05-05 18:00,0.064
2019-05-05 17:00,2019-05-05 19:00,0.068
2019-05-05 18:00,2019-05-05 20:00,0.084
2019-05-05 19:00,2019-05-05 21:00,0.118
2019-05-05 20:00,2019-05-05 22:00,0.171
2019-05-05 21:00,2019-05-05 23:00,0.231
2019-05-05 22:00,2019-05-06 00:00,0.269
2019-05-05 23:00,2019-05-06 01:00,0.275
2019-05-06 00:00,2019-05-06 02:00,0.259
2019-05-06 01:00,2019-05-06 03:00,0.236
2019-05-06 02:00,2019-05-06 04:00,0.222
2019-05-06 03:00,2019-05-06 05:00,0.208
2019-05-06 04:00,2019-05-06 06:00,0.161
2019-05-06 05:00,2019-05-06 07:00,0.131
2019-05-06 06:00,2019-05-06 08:00,0.231
2019-05-06 07:00,2019-05-06 09:00,0.266
2019-05-06 08:00,2019-05-06 10:00,0.283
2019-05-06 09:00,2019-05-06 11:00,0.294
2019-05-06 10:00,2019-05-06 12:00,0.303
2019-05-06 11:00,2019-05-06 13:00,0.315
2019-05-06 12:00,2019-05-06 14:00,0.345
2019-05-06 13:00,2019-05-06 15:00,0.385
2019-05-06 14:00,2019-05-06 16:00,0.400
2019-05-06 15:00,2019-05-06 17:00,0.383
2019-05-06 16:00,2019-05-06 18:00,0.339
2019-05-06 17:00,2019-05-06 19:00,0.261
2019-05-06 18:00,2019-05-06 20:00,0.220
2019-05-06 19:00,2019-05-06 21:00,0.205
2019-05-06 20:00,2019-05-06 22:00,0.209
2019-05-06 21:00,2019-05-06 23:00,0.213
2019-05-06 22:00,2019-05-07 00:00,0.198
2019-05-06 23:00,2019-05-07 01:00,0.188
2019-05-07 00:00,2019-05-07 02:00,0.168
2019-05-07 01:00,2019-05-07 03:00,0.153
2019-05-07 02:00,2019-05-07 04:00,0.146
2019-05-07 03:00,2019-05-07 05:00,0.141
2019-05-07 04:00,2019-05-07 06:00,0.126
2019-05-07 05:00,2019-05-07 07:00,0.125
2019-05-07 06:00,2019-05-07 08:00,0.146
2019-05-07 07:00,2019-05-07 09:00,0.146
2019-05-07 08:00,2019-05-07 10:00,0.136
2019-05-07 09:00,2019-05-07 11:00,0.129
2019-05-07 10:00,2019-05-07 12:00,0.127
2019-05-07 11:00,2019-05-07 13:00,0.129
2019-05-07 12:00,2019-05-07 14:00,0.130
2019-05-07 13:00,2019-05-07 15:00,0.129
2019-05-07 14:00,2019-05-07 16:00,0.122
2019-05-07 15:00,2019-05-07 17:00,0.111
2019-05-07 16:00,2019-05-07 18:00,0.095
2019-05-07 17:00,2019-05-07 19:00,0.072
2019-05-07 18:00,2019-05-07 20:00,0.053
2019-05-07 19:00,2019-05-07 21:00,0.041
2019-05-07 20:00,2019-05-07 22:00,0.043
2019-05-07 21:00,2019-05-07 23:00,0.061
2019-05-07 22:00,2019-05-08 00:00,0.089
2019-05-07 23:00,2019-05-08 01:00,0.128
2019-07-01 00:00,2019-07-01 02:00,0.168
2019-07-01 01:00,2019-07-01 03:00,0.132
2019-07-01 02:00,2019-07-01 04:00,0.117
2019-07-01 03:00,2019-07-01 05:00,0.092
2019-07-01 04:00,2019-07-01 06:00,0.075
2019-07-01 05:00,2019-07-01 07:00,0.082
2019-07-01 06:00,2019-07-01 08:00,0.090
2019-07-01 07:00,2019-07-01 09:00,0.112
2019-07-01 08:00,2019-07-01 10:00,0.173
2019-07-01 09:00,2019-07-01 11:00,0.251
2019-07-01 10:00,2019-07-01 12:00,0.294
2019-07-01 11:00,2019-07-01 13:00,0.362
2019-07-01 12:00,2019-07-01 14:00,0.441
2019-07-01 13:00,2019-07-01 15:00,0.491
2019-07-01 14:00,2019-07-01 16:00,0.554
2019-07-01 15:00,2019-07-01 17:00,0.590
2019-07-01 16:00,2019-07-01 18:00,0.594
2019-07-01 17:00,2019-07-01 19:00,0.576
2019-07-01 18:00,2019-07-01 20:00,0.544
2019-07-01 19:00,2019-07-01 21:00,0.522
2019-07-01 20:00,2019-07-01 22:00,0.454
2019-07-01 21:00,2019-07-01 23:00,0.334
2019-07-01 22:00,2019-07-02 00:00,0.278
2019-07-01 23:00,2019-07-02 01:00,0.265
2019-07-02 00:00,2019-07-02 02:00,0.272
2019-07-02 01:00,2019-07-02 03:00,0.281
2019-07-02 02:00,2019-07-02 04:00,0.297
2019-07-02 03:00,2019-07-02 05:00,0.278
2019-07-02 04:00,2019-07-02 06:00,0.388
2019-07-02 05:00,2019-07-02 07:00,0.517
2019-07-02 06:00,2019-07-02 08:00,0.546
2019-07-02 07:00,2019-07-02 09:00,0.564
2019-07-02 08:00,2019-07-02 10:00,0.572
2019-07-02 09:00,2019-07-02 11:00,0.571
2019-07-02 10:00,2019-07-02 12:00,0.563
2019-07-02 11:00,2019-07-02 13:00,0.560
2019-07-02 12:00,2019-07-02 14:00,0.559
2019-07-02 13:00,2019-07-02 15:00,0.560
2019-07-02 14:00,2019-07-02 16:00,0.557
2019-07-02 15:00,2019-07-02 17:00,0.555
2019-07-02 16:00,2019-07-02 18:00,0.558
2019-07-02 17:00,2019-07-02 19:00,0.553
2019-07-02 18:00,2019-07-02 20:00,0.494
2019-07-02 19:00,2019-07-02 21:00,0.394
2019-07-02 20:00,2019-07-02 22:00,0.294
2019-07-02 21:00,2019-07-02 23:00,0.231
2019-07-02 22:00,2019-07-03 00:00,0.216
2019-07-02 23:00,2019-07-03 01:00,0.212
2019-07-03 00:00,2019-07-03 02:00,0.203
2019-07-03 01:00,2019-07-03 03:00,0.194
2019-07-03 02:00,2019-07-03 04:00,0.192
2019-07-03 03:00,2019-07-03 05:00,0.167
2019-07-03 04:00,2019-07-03 06:00,0.188
2019-07-03 05:00,2019-07-03 07:00,0.238
2019-07-03 06:00,2019-07-03 08:00,0.249
2019-07-03 07:00,2019-07-03 09:00,0.270
2019-07-03 08:00,2019-07-03 10:00,0.294
2019-07-03 09:00,2019-07-03 11:00,0.308
2019-07-03 10:00,2019-07-03 12:00,0.323
2019-07-03 11:00,2019-07-03 13:00,0.343
2019-07-03 12:00,2019-07-03 14:00,0.363
2019-07-03 13:00,2019-07-03 15:00,0.377
2019-07-03 14:00,2019-07-03 16:00,0.385
2019-07-03 15:00,2019-07-03 17:00,0.379
2019-07-03 16:00,2019-07-03 18:00,0.362
2019-07-03 17:00,2019-07-03 19:00,0.341
2019-07-03 18:00,2019-07-03 20:00,0.284
2019-07-03 19:00,2019-07-03 21:00,0.240
2019-07-03 20:00,2019-07-03 22:00,0.237
2019-07-03 21:00,2019-07-03 23:00,0.231
2019-07-03 22:00,2019-07-04 00:00,0.233
2019-07-03 23:00,2019-07-04 01:00,0.235
2019-07-04 00:00,2019-07-04 02:00,0.233
2019-07-04 01:00,2019-07-04 03:00,0.225
2019-07-04 02:00,2019-07-04 04:00,0.216
2019-07-04 03:00,2019-07-04 05:00,0.155
2019-07-04 04:00,2019-07-04 06:00,0.128
2019-07-04 05:00,2019-07-04 07:00,0.150
2019-07-04 06:00,2019-07-04 08:00,0.145
2019-07-04 07:00,2019-07-04 09:00,0.165
2019-07-04 08:00,2019-07-04 10:00,0.202
2019-07-04 09:00,2019-07-04 11:00,0.245
2019-07-04 10:00,2019-07-04 12:00,0.286
2019-07-04 11:00,2019-07-04 13:00,0.315
2019-07-04 12:00,2019-07-04 14:00,0.332
2019-07-04 13:00,2019-07-04 15:00,0.346
2019-07-04 14:00,2019-07-04 16:00,0.364
2019-07-04 15:00,2019-07-04 17:00,0.367
2019-07-04 16:00,2019-07-04 18:00,0.352
2019-07-04 17:00,2019-07-04 19:00,0.325
2019-07-04 18:00,2019-07-04 20:00,0.278
2019-07-04 19:00,2019-07-04 21:00,0.265
2019-07-04 20:00,2019-07-04 22:00,0.290
2019-07-04 21:00,2019-07-04 23:00,0.315
2019-07-04 22:00,2019-07-05 00:00,0.314
2019-07-04 23:00,2019-07-05 01:00,0.319
2019-07-05 00:00,2019-07-05 02:00,0.376
2019-07-05 01:00,2019-07-05 03:00,0.373
2019-07-05 02:00,2019-07-05 04:00,0.367
2019-07-05 03:00,2019-07-05 05:00,0.319
2019-07-05 04:00,2019-07-05 06:00,0.303
2019-07-05 05:00,2019-07-05 07:00,0.449
2019-07-05 06:00,2019-07-05 08:00,0.510
2019-07-05 07:00,2019-07-05 09:00,0.511
2019-07-05 08:00,2019-07-05 10:00,0.506
2019-07-05 09:00,2019-07-05 11:00,0.488
2019-07-05 10:00,2019-07-05 12:00,0.466
2019-07-05 11:00,2019-07-05 13:00,0.460
2019-07-05 12:00,2019-07-05 14:00,0.464
2019-07-05 13:00,2019-07-05 15:00,0.466
2019-07-05 14:00,2019-07-05 16:00,0.454
2019-07-05 15:00,2019-07-05 17:00,0.433
2019-07-05 16:00,2019-07-05 18:00,0.401
2019-07-05 17:00,2019-07-05 19:00,0.345
2019-07-05 18:00,2019-07-05 20:00,0.259
2019-07-05 19:00,2019-07-05 21:00,0.188
2019-07-05 20:00,2019-07-05 22:00,0.156
2019-07-05 21:00,2019-07-05 23:00,0.126
2019-07-05 22:00,2019-07-06 00:00,0.100
2019-07-05 23:00,2019-07-06 01:00,0.084
2019-07-06 00:00,2019-07-06 02:00,0.075
2019-07-06 01:00,2019-07-06 03:00,0.081
2019-07-06 02:00,2019-07-06 04:00,0.102
2019-07-06 03:00,2019-07-06 05:00,0.114
2019-07-06 04:00,2019-07-06 06:00,0.096
2019-07-06 05:00,2019-07-06 07:00,0.147
2019-07-06 06:00,2019-07-06 08:00,0.181
2019-07-06 07:00,2019-07-06 09:00,0.205
2019-07-06 08:00,2019-07-06 10:00,0.252
2019-07-06 09:00,2019-07-06 11:00,0.312
2019-07-06 10:00,2019-07-06 12:00,0.378
2019-07-06 11:00,2019-07-06 13:00,0.445
2019-07-06 12:00,2019-07-06 14:00,0.496
2019-07-06 13:00,2019-07-06 15:00,0.506
2019-07-06 14:00,2019-07-06 16:00,0.466
2019-07-06 15:00,2019-07-06 17:00,0.418
2019-07-06 16:00,2019-07-06 18:00,0.344
2019-07-06 17:00,2019-07-06 19:00,0.265
2019-07-06 18:00,2019-07-06 20:00,0.238
2019-07-06 19:00,2019-07-06 21:00,0.259
2019-07-06 20:00,2019-07-06 22:00,0.299
2019-07-06 21:00,2019-07-06 23:00,0.308
2019-07-06 22:00,2019-07-07 00:00,0.329
2019-07-06 23:00,2019-07-07 01:00,0.315
2019-07-07 00:00,2019-07-07 02:00,0.305
2019-07-07 01:00,2019-07-07 03:00,0.328
2019-07-07 02:00,2019-07-07 04:00,0.362
2019-07-07 03:00,2019-07-07 05:00,0.348
2019-07-07 04:00,2019-07-07 06:00,0.323
2019-07-07 05:00,2019-07-07 07:00,0.410
2019-07-07 06:00,2019-07-07 08:00,0.476
2019-07-07 07:00,2019-07-07 09:00,0.472
2019-07-07 08:00,2019-07-07 10:00,0.477
2019-07-07 09:00,2019-07-07 11:00,0.471
2019-07-07 10:00,2019-07-07 12:00,0.473
2019-07-07 11:00,2019-07-07 13:00,0.474
2019-07-07 12:00,2019-07-07 14:00,0.481
2019-07-07 13:00,2019-07-07 15:00,0.493
2019-07-07 14:00,2019-07-07 16:00,0.494
2019-07-07 15:00,2019-07-07 17:00,0.489
2019-07-07 16:00,2019-07-07 18:00,0.466
2019-07-07 17:00,2019-07-07 19:00,0.432
2019-07-07 18:00,2019-07-07 20:00,0.363
2019-07-07 19:00,2019-07-07 21:00,0.312
2019-07-07 20:00,2019-07-07 22:00,0.295
2019-07-07 21:00,2019-07-07 23:00,0.297
2019-07-07 22:00,2019-07-08 00:00,0.320
2019-07-07 23:00,2019-07-08 01:00,0.311
2019-09-01 00:00,2019-09-01 02:00,0.316
2019-09-01 01:00,2019-09-01 03:00,0.251
2019-09-01 02:00,2019-09-01 04:00,0.209
2019-09-01 03:00,2019-09-01 05:00,0.192
2019-09-01 04:00,2019-09-01 06:00,0.184
2019-09-01 05:00,2019-09-01 07:00,0.118
2019-09-01 06:00,2019-09-01 08:00,0.100
2019-09-01 07:00,2019-09-01 09:00,0.135
2019-09-01 08:00,2019-09-01 10:00,0.156
2019-09-01 09:00,2019-09-01 11:00,0.182
2019-09-01 10:00,2019-09-01 12:00,0.225
2019-09-01 11:00,2019-09-01 13:00,0.267
2019-09-01 12:00,2019-09-01 14:00,0.285
2019-09-01 13:00,2019-09-01 15:00,0.294
2019-09-01 14:00,2019-09-01 16:00,0.316
2019-09-01 15:00,2019-09-01 17:00,0.343
2019-09-01 16:00,2019-09-01 18:00,0.358
2019-09-01 17:00,2019-09-01 19:00,0.352
2019-09-01 18:00,2019-09-01 20:00,0.317
2019-09-01 19:00,2019-09-01 21:00,0.300
2019-09-01 20:00,2019-09-01 22:00,0.259
2019-09-01 21:00,2019-09-01 23:00,0.206
2019-09-01 22:00,2019-09-02 00:00,0.167
2019-09-01 23:00,2019-09-02 01:00,0.146
2019-09-02 00:00,2019-09-02 02:00,0.149
2019-09-02 01:00,2019-09-02 03:00,0.160
2019-09-02 02:00,2019-09-02 04:00,0.162
2019-09-02 03:00,2019-09-02 05:00,0.163
2019-09-02 04:00,2019-09-02 06:00,0.154
2019-09-02 05:00,2019-09-02 07:00,0.118
2019-09-02 06:00,2019-09-02 08:00,0.212
2019-09-02 07:00,2019-09-02 09:00,0.254
2019-09-02 08:00,2019-09-02 10:00,0.255
2019-09-02 09:00,2019-09-02 11:00,0.242
2019-09-02 10:00,2019-09-02 12:00,0.241
2019-09-02 11:00,2019-09-02 13:00,0.248
2019-09-02 12:00,2019-09-02 14:00,0.255
2019-09-02 13:00,2019-09-02 15:00,0.258
2019-09-02 14:00,2019-09-02 16:00,0.254
2019-09-02 15:00,2019-09-02 17:00,0.240
2019-09-02 16:00,2019-09-02 18:00,0.207
2019-09-02 17:00,2019-09-02 19:00,0.170
2019-09-02 18:00,2019-09-02 20:00,0.170
2019-09-02 19:00,2019-09-02 21:00,0.154
2019-09-02 20:00,2019-09-02 22:00,0.122
2019-09-02 21:00,2019-09-02 23:00,0.088
2019-09-02 22:00,2019-09-03 00:00,0.054
2019-09-02 23:00,2019-09-03 01:00,0.037
2019-09-03 00:00,2019-09-03 02:00,0.046
2019-09-03 01:00,2019-09-03 03:00,0.088
2019-09-03 02:00,2019-09-03 04:00,0.149
2019-09-03 03:00,2019-09-03 05:00,0.194
2019-09-03 04:00,2019-09-03 06:00,0.225
2019-09-03 05:00,2019-09-03 07:00,0.178
2019-09-03 06:00,2019-09-03 08:00,0.161
2019-09-03 07:00,2019-09-03 09:00,0.291
2019-09-03 08:00,2019-09-03 10:00,0.362
2019-09-03 09:00,2019-09-03 11:00,0.377
2019-09-03 10:00,2019-09-03 12:00,0.406
2019-09-03 11:00,2019-09-03 13:00,0.438
2019-09-03 12:00,2019-09-03 14:00,0.457
2019-09-03 13:00,2019-09-03 15:00,0.448
2019-09-03 14:00,2019-09-03 16:00,0.413
2019-09-03 15:00,2019-09-03 17:00,0.374
2019-09-03 16:00,2019-09-03 18:00,0.319
2019-09-03 17:00,2019-09-03 19:00,0.240
2019-09-03 18:00,2019-09-03 20:00,0.234
2019-09-03 19:00,2019-09-03 21:00,0.229
2019-09-03 20:00,2019-09-03 22:00,0.228
2019-09-03 21:00,2019-09-03 23:00,0.217
2019-09-03 22:00,2019-09-04 00:00,0.194
2019-09-03 23:00,2019-09-04 01:00,0.175
2019-09-04 00:00,2019-09-04 02:00,0.162
2019-09-04 01:00,2019-09-04 03:00,0.156
2019-09-04 02:00,2019-09-04 04:00,0.154
2019-09-04 03:00,2019-09-04 05:00,0.149
2019-09-04 04:00,2019-09-04 06:00,0.147
2019-09-04 05:00,2019-09-04 07:00,0.101
2019-09-04 06:00,2019-09-04 08:00,0.084
2019-09-04 07:00,2019-09-04 09:00,0.150
2019-09-04 08:00,2019-09-04 10:00,0.204
2019-09-04 09:00,2019-09-04 11:00,0.241
2019-09-04 10:00,2019-09-04 12:00,0.261
2019-09-04 11:00,2019-09-04 13:00,0.274
2019-09-04 12:00,2019-09-04 14:00,0.283
2019-09-04 13:00,2019-09-04 15:00,0.289
2019-09-04 14:00,2019-09-04 16:00,0.289
2019-09-04 15:00,2019-09-04 17:00,0.278
2019-09-04 16:00,2019-09-04 18:00,0.227
2019-09-04 17:00,2019-09-04 19:00,0.209
2019-09-04 18:00,2019-09-04 20:00,0.204
2019-09-04 19:00,2019-09-04 21:00,0.201
2019-09-04 20:00,2019-09-04 22:00,0.219
2019-09-04 21:00,2019-09-04 23:00,0.254
2019-09-04 22:00,2019-09-05 00:00,0.260
2019-09-04 23:00,2019-09-05 01:00,0.250
2019-09-05 00:00,2019-09-05 02:00,0.248
2019-09-05 01:00,2019-09-05 03:00,0.229
2019-09-05 02:00,2019-09-05 04:00,0.201
2019-09-05 03:00,2019-09-05 05:00,0.204
2019-09-05 04:00,2019-09-05 06:00,0.209
2019-09-05 05:00,2019-09-05 07:00,0.161
2019-09-05 06:00,2019-09-05 08:00,0.185
2019-09-05 07:00,2019-09-05 09:00,0.267
2019-09-05 08:00,2019-09-05 10:00,0.364
2019-09-05 09:00,2019-09-05 11:00,0.455
2019-09-05 10:00,2019-09-05 12:00,0.547
2019-09-05 11:00,2019-09-05 13:00,0.620
2019-09-05 12:00,2019-09-05 14:00,0.663
2019-09-05 13:00,2019-09-05 15:00,0.663
2019-09-05 14:00,2019-09-05 16:00,0.631
2019-09-05 15:00,2019-09-05 17:00,0.590
2019-09-05 16:00,2019-09-05 18:00,0.538
2019-09-05 17:00,2019-09-05 19:00,0.454
2019-09-05 18:00,2019-09-05 20:00,0.402
2019-09-05 19:00,2019-09-05 21:00,0.386
2019-09-05 20:00,2019-09-05 22:00,0.358
2019-09-05 21:00,2019-09-05 23:00,0.311
2019-09-05 22:00,2019-09-06 00:00,0.271
2019-09-05 23:00,2019-09-06 01:00,0.253
2019-09-06 00:00,2019-09-06 02:00,0.243
2019-09-06 01:00,2019-09-06 03:00,0.229
2019-09-06 02:00,2019-09-06 04:00,0.214
2019-09-06 03:00,2019-09-06 05:00,0.197
2019-09-06 04:00,2019-09-06 06:00,0.168
2019-09-06 05:00,2019-09-06 07:00,0.100
2019-09-06 06:00,2019-09-06 08:00,0.083
2019-09-06 07:00,2019-09-06 09:00,0.120
2019-09-06 08:00,2019-09-06 10:00,0.125
2019-09-06 09:00,2019-09-06 11:00,0.130
2019-09-06 10:00,2019-09-06 12:00,0.133
2019-09-06 11:00,2019-09-06 13:00,0.134
2019-09-06 12:00,2019-09-06 14:00,0.128
2019-09-06 13:00,2019-09-06 15:00,0.118
2019-09-06 14:00,2019-09-06 16:00,0.104
2019-09-06 15:00,2019-09-06 17:00,0.094
2019-09-06 16:00,2019-09-06 18:00,0.085
2019-09-06 17:00,2019-09-06 19:00,0.090
2019-09-06 18:00,2019-09-06 20:00,0.107
2019-09-06 19:00,2019-09-06 21:00,0.151
2019-09-06 20:00,2019-09-06 22:00,0.215
2019-09-06 21:00,2019-09-06 23:00,0.273
2019-09-06 22:00,2019-09-07 00:00,0.302
2019-09-06 23:00,2019-09-07 01:00,0.298
2019-09-07 00:00,2019-09-07 02:00,0.263
2019-09-07 01:00,2019-09-07 03:00,0.212
2019-09-07 02:00,2019-09-07 04:00,0.160
2019-09-07 03:00,2019-09-07 05:00,0.112
2019-09-07 04:00,2019-09-07 06:00,0.073
2019-09-07 05:00,2019-09-07 07:00,0.045
2019-09-07 06:00,2019-09-07 08:00,0.017
2019-09-07 07:00,2019-09-07 09:00,0.013
2019-09-07 08:00,2019-09-07 10:00,0.022
2019-09-07 09:00,2019-09-07 11:00,0.025
2019-09-07 10:00,2019-09-07 12:00,0.029
2019-09-07 11:00,2019-09-07 13:00,0.030
2019-09-07 12:00,2019-09-07 14:00,0.027
2019-09-07 13:00,2019-09-07 15:00,0.025
2019-09-07 14:00,2019-09-07 16:00,0.022
2019-09-07 15:00,2019-09-07 17:00,0.019
2019-09-07 16:00,2019-09-07 18:00,0.018
2019-09-07 17:00,2019-09-07 19:00,0.020
2019-09-07 18:00,2019-09-07 20:00,0.021
2019-09-07 19:00,2019-09-07 21:00,0.020
2019-09-07 20:00,2019-09-07 22:00,0.019
2019-09-07 21:00,2019-09-07 23:00,0.020
2019-09-07 22:00,2019-09-08 00:00,0.022
2019-09-07 23:00,2019-09-08 01:00,0.024
2019-11-01 00:00,2019-11-01 01:00,0.201
2019-11-01 01:00,2019-11-01 02:00,0.193
2019-11-01 02:00,2019-11-01 03:00,0.188
2019-11-01 03:00,2019-11-01 04:00,0.204
2019-11-01 04:00,2019-11-01 05:00,0.245
2019-11-01 05:00,2019-11-01 06:00,0.281
2019-11-01 06:00,2019-11-01 07:00,0.286
2019-11-01 07:00,2019-11-01 08:00,0.221
2019-11-01 08:00,2019-11-01 09:00,0.192
2019-11-01 09:00,2019-11-01 10:00,0.297
2019-11-01 10:00,2019-11-01 11:00,0.378
2019-11-01 11:00,2019-11-01 12:00,0.414
2019-11-01 12:00,2019-11-01 13:00,0.413
2019-11-01 13:00,2019-11-01 14:00,0.362
2019-11-01 14:00,2019-11-01 15:00,0.309
2019-11-01 15:00,2019-11-01 16:00,0.308
2019-11-01 16:00,2019-11-01 17:00,0.324
2019-11-01 17:00,2019-11-01 18:00,0.311
2019-11-01 18:00,2019-11-01 19:00,0.291
2019-11-01 19:00,2019-11-01 20:00,0.278
2019-11-01 20:00,2019-11-01 21:00,0.278
2019-11-01 21:00,2019-11-01 22:00,0.297
2019-11-01 22:00,2019-11-01 23:00,0.315
2019-11-01 23:00,2019-11-02 00:00,0.305
2019-11-02 00:00,2019-11-02 01:00,0.297
2019-11-02 01:00,2019-11-02 02:00,0.309
2019-11-02 02:00,2019-11-02 03:00,0.325
2019-11-02 03:00,2019-11-02 04:00,0.360
2019-11-02 04:00,2019-11-02 05:00,0.370
2019-11-02 05:00,2019-11-02 06:00,0.346
2019-11-02 06:00,2019-11-02 07:00,0.337
2019-11-02 07:00,2019-11-02 08:00,0.348
2019-11-02 08:00,2019-11-02 09:00,0.362
2019-11-02 09:00,2019-11-02 10:00,0.388
2019-11-02 10:00,2019-11-02 11:00,0.351
2019-11-02 11:00,2019-11-02 12:00,0.448
2019-11-02 12:00,2019-11-02 13:00,0.413
2019-11-02 13:00,2019-11-02 14:00,0.338
2019-11-02 14:00,2019-11-02 15:00,0.344
2019-11-02 15:00,2019-11-02 16:00,0.400
2019-11-02 16:00,2019-11-02 17:00,0.450
2019-11-02 17:00,2019-11-02 18:00,0.445
2019-11-02 18:00,2019-11-02 19:00,0.430
2019-11-02 19:00,2019-11-02 20:00,0.427
2019-11-02 20:00,2019-11-02 21:00,0.420
2019-11-02 21:00,2019-11-02 22:00,0.401
2019-11-02 22:00,2019-11-02 23:00,0.368
2019-11-02 23:00,2019-11-03 00:00,0.341
2019-11-03 00:00,2019-11-03 01:00,0.334
2019-11-03 01:00,2019-11-03 02:00,0.328
2019-11-03 02:00,2019-11-03 03:00,0.315
2019-11-03 03:00,2019-11-03 04:00,0.328
2019-11-03 04:00,2019-11-03 05:00,0.431
2019-11-03 05:00,2019-11-03 06:00,0.401
2019-11-03 06:00,2019-11-03 07:00,0.311
2019-11-03 07:00,2019-11-03 08:00,0.280
2019-11-03 08:00,2019-11-03 09:00,0.243
2019-11-03 09:00,2019-11-03 10:00,0.227
2019-11-03 10:00,2019-11-03 11:00,0.194
2019-11-03 11:00,2019-11-03 12:00,0.157
2019-11-03 12:00,2019-11-03 13:00,0.113
2019-11-03 13:00,2019-11-03 14:00,0.089
2019-11-03 14:00,2019-11-03 15:00,0.098
2019-11-03 15:00,2019-11-03 16:00,0.160
2019-11-03 16:00,2019-11-03 17:00,0.220
2019-11-03 17:00,2019-11-03 18:00,0.251
2019-11-03 18:00,2019-11-03 19:00,0.234
2019-11-03 19:00,2019-11-03 20:00,0.191
2019-11-03 20:00,2019-11-03 21:00,0.141
2019-11-03 21:00,2019-11-03 22:00,0.108
2019-11-03 22:00,2019-11-03 23:00,0.093
2019-11-03 23:00,2019-11-04 00:00,0.091
2019-11-04 00:00,2019-11-04 01:00,0.088
2019-11-04 01:00,2019-11-04 02:00,0.077
2019-11-04 02:00,2019-11-04 03:00,0.063
2019-11-04 03:00,2019-11-04 04:00,0.064
2019-11-04 04:00,2019-11-04 05:00,0.082
2019-11-04 05:00,2019-11-04 06:00,0.089
2019-11-04 06:00,2019-11-04 07:00,0.096
2019-11-04 07:00,2019-11-04 08:00,0.113
2019-11-04 08:00,2019-11-04 09:00,0.138
2019-11-04 09:00,2019-11-04 10:00,0.165
2019-11-04 10:00,2019-11-04 11:00,0.183
2019-11-04 11:00,2019-11-04 12:00,0.206
2019-11-04 12:00,2019-11-04 13:00,0.201
2019-11-04 13:00,2019-11-04 14:00,0.167
2019-11-04 14:00,2019-11-04 15:00,0.129
2019-11-04 15:00,2019-11-04 16:00,0.133
2019-11-04 16:00,2019-11-04 17:00,0.138
2019-11-04 17:00,2019-11-04 18:00,0.136
2019-11-04 18:00,2019-11-04 19:00,0.126
2019-11-04 19:00,2019-11-04 20:00,0.115
2019-11-04 20:00,2019-11-04 21:00,0.117
2019-11-04 21:00,2019-11-04 22:00,0.133
2019-11-04 22:00,2019-11-04 23:00,0.151
2019-11-04 23:00,2019-11-05 00:00,0.165
2019-11-05 00:00,2019-11-05 01:00,0.182
2019-11-05 01:00,2019-11-05 02:00,0.202
2019-11-05 02:00,2019-11-05 03:00,0.190
2019-11-05 03:00,2019-11-05 04:00,0.142
2019-11-05 04:00,2019-11-05 05:00,0.101
2019-11-05 05:00,2019-11-05 06:00,0.077
2019-11-05 06:00,2019-11-05 07:00,0.059
2019-11-05 07:00,2019-11-05 08:00,0.070
2019-11-05 08:00,2019-11-05 09:00,0.093
2019-11-05 09:00,2019-11-05 10:00,0.101
2019-11-05 10:00,2019-11-05 11:00,0.132
2019-11-05 11:00,2019-11-05 12:00,0.146
2019-11-05 12:00,2019-11-05 13:00,0.149
2019-11-05 13:00,2019-11-05 14:00,0.139
2019-11-05 14:00,2019-11-05 15:00,0.133
2019-11-05 15:00,2019-11-05 16:00,0.164
2019-11-05 16:00,2019-11-05 17:00,0.216
2019-11-05 17:00,2019-11-05 18:00,0.243
2019-11-05 18:00,2019-11-05 19:00,0.254
2019-11-05 19:00,2019-11-05 20:00,0.253
2019-11-05 20:00,2019-11-05 21:00,0.234
2019-11-05 21:00,2019-11-05 22:00,0.214
2019-11-05 22:00,2019-11-05 23:00,0.220
2019-11-05 23:00,2019-11-06 00:00,0.214
2019-11-06 00:00,2019-11-06 01:00,0.187
2019-11-06 01:00,2019-11-06 02:00,0.189
2019-11-06 02:00,2019-11-06 03:00,0.173
2019-11-06 03:00,2019-11-06 04:00,0.168
2019-11-06 04:00,2019-11-06 05:00,0.158
2019-11-06 05:00,2019-11-06 06:00,0.149
2019-11-06 06:00,2019-11-06 07:00,0.139
2019-11-06 07:00,2019-11-06 08:00,0.121
2019-11-06 08:00,2019-11-06 09:00,0.084
2019-11-06 09:00,2019-11-06 10:00,0.063
2019-11-06 10:00,2019-11-06 11:00,0.057
2019-11-06 11:00,2019-11-06 12:00,0.051
2019-11-06 12:00,2019-11-06 13:00,0.047
2019-11-06 13:00,2019-11-06 14:00,0.045
2019-11-06 14:00,2019-11-06 15:00,0.042
2019-11-06 15:00,2019-11-06 16:00,0.051
2019-11-06 16:00,2019-11-06 17:00,0.058
2019-11-06 17:00,2019-11-06 18:00,0.061
2019-11-06 18:00,2019-11-06 19:00,0.062
2019-11-06 19:00,2019-11-06 20:00,0.074
2019-11-06 20:00,2019-11-06 21:00,0.098
2019-11-06 21:00,2019-11-06 22:00,0.118
2019-11-06 22:00,2019-11-06 23:00,0.125
2019-11-06 23:00,2019-11-07 00:00,0.122
2019-11-07 00:00,2019-11-07 01:00,0.108
2019-11-07 01:00,2019-11-07 02:00,0.085
2019-11-07 02:00,2019-11-07 03:00,0.062
2019-11-07 03:00,2019-11-07 04:00,0.043
2019-11-07 04:00,2019-11-07 05:00,0.032
2019-11-07 05:00,2019-11-07 06:00,0.024
2019-11-07 06:00,2019-11-07 07:00,0.018
2019-11-07 07:00,2019-11-07 08:00,0.023
2019-11-07 08:00,2019-11-07 09:00,0.033
2019-11-07 09:00,2019-11-07 10:00,0.040
2019-11-07 10:00,2019-11-07 11:00,0.049
2019-11-07 11:00,2019-11-07 12:00,0.069
2019-11-07 12:00,2019-11-07 13:00,0.082
2019-11-07 13:00,2019-11-07 14:00,0.094
2019-11-07 14:00,2019-11-07 15:00,0.108
2019-11-07 15:00,2019-11-07 16:00,0.168
2019-11-07 16:00,2019-11-07 17:00,0.250
2019-11-07 17:00,2019-11-07 18:00,0.334
2019-11-07 18:00,2019-11-07 19:00,0.391
2019-11-07 19:00,2019-11-07 20:00,0.398
2019-11-07 20:00,2019-11-07 21:00,0.388
2019-11-07 21:00,2019-11-07 22:00,0.381
2019-11-07 22:00,2019-11-07 23:00,0.349
2019-11-07 23:00,2019-11-08 00:00,0.301
